-- ════════════════════════════════════════════════════════════════
-- 26_seed_dichvu_catalog.sql
-- Seed dbo.DM_LoaiDichVu + dbo.DM_NhomDichVu + dbo.DM_DichVu (top 500 thông dụng).
-- Auto-generated by _scripts/clone_data.py at 2026-05-12T09:01:48.
-- Idempotent: chạy lại nhiều lần OK (skip nếu row đã tồn tại).
-- ════════════════════════════════════════════════════════════════

SET QUOTED_IDENTIFIER ON;
SET ANSI_NULLS ON;
GO
USE QMS_DA;
GO

-- ─── DM_LoaiDichVu ─── 
IF NOT EXISTS (SELECT 1 FROM dbo.DM_LoaiDichVu WHERE LOAIDICHVU_ID = 1)
  INSERT INTO dbo.DM_LoaiDichVu (LOAIDICHVU_ID, MALOAIDICHVU, TENLOAIDICHVU, TENKHONGDAU, TAMNGUNG) VALUES (1, N'KhamBenh', N'Khám bệnh', N'', N'0');
IF NOT EXISTS (SELECT 1 FROM dbo.DM_LoaiDichVu WHERE LOAIDICHVU_ID = 2)
  INSERT INTO dbo.DM_LoaiDichVu (LOAIDICHVU_ID, MALOAIDICHVU, TENLOAIDICHVU, TENKHONGDAU, TAMNGUNG) VALUES (2, N'CanLamSang', N'Cận lâm sàng', N'', N'0');
IF NOT EXISTS (SELECT 1 FROM dbo.DM_LoaiDichVu WHERE LOAIDICHVU_ID = 3)
  INSERT INTO dbo.DM_LoaiDichVu (LOAIDICHVU_ID, MALOAIDICHVU, TENLOAIDICHVU, TENKHONGDAU, TAMNGUNG) VALUES (3, N'PhauThuat', N'Phẫu thuật, thủ thuật ', N'', N'0');
IF NOT EXISTS (SELECT 1 FROM dbo.DM_LoaiDichVu WHERE LOAIDICHVU_ID = 4)
  INSERT INTO dbo.DM_LoaiDichVu (LOAIDICHVU_ID, MALOAIDICHVU, TENLOAIDICHVU, TENKHONGDAU, TAMNGUNG) VALUES (4, N'DichVuKhac', N'Dịch vụ y tế khác', N'', N'0');
IF NOT EXISTS (SELECT 1 FROM dbo.DM_LoaiDichVu WHERE LOAIDICHVU_ID = 5)
  INSERT INTO dbo.DM_LoaiDichVu (LOAIDICHVU_ID, MALOAIDICHVU, TENLOAIDICHVU, TENKHONGDAU, TAMNGUNG) VALUES (5, N'GIAGIUONGBENH', N'Tiền giường', N'', N'0');
IF NOT EXISTS (SELECT 1 FROM dbo.DM_LoaiDichVu WHERE LOAIDICHVU_ID = 7)
  INSERT INTO dbo.DM_LoaiDichVu (LOAIDICHVU_ID, MALOAIDICHVU, TENLOAIDICHVU, TENKHONGDAU, TAMNGUNG) VALUES (7, N'HOCPHI', N'Học phí', NULL, N'1');

-- ─── DM_NhomDichVu ─── 
IF NOT EXISTS (SELECT 1 FROM dbo.DM_NhomDichVu WHERE NHOMDICHVU_ID = 1)
  INSERT INTO dbo.DM_NhomDichVu (NHOMDICHVU_ID, MANHOMDICHVU, LOAIDICHVU_ID, TENNHOMDICHVU, TENKHONGDAU, CAP, CAPTREN_ID, TAMNGUNG) VALUES (1, N'01', 2, N'Xét nghiệm', N'', 1, NULL, N'0');
IF NOT EXISTS (SELECT 1 FROM dbo.DM_NhomDichVu WHERE NHOMDICHVU_ID = 2)
  INSERT INTO dbo.DM_NhomDichVu (NHOMDICHVU_ID, MANHOMDICHVU, LOAIDICHVU_ID, TENNHOMDICHVU, TENKHONGDAU, CAP, CAPTREN_ID, TAMNGUNG) VALUES (2, N'02', 2, N'Chẩn đoán hình ảnh', N'', 1, NULL, N'0');
IF NOT EXISTS (SELECT 1 FROM dbo.DM_NhomDichVu WHERE NHOMDICHVU_ID = 3)
  INSERT INTO dbo.DM_NhomDichVu (NHOMDICHVU_ID, MANHOMDICHVU, LOAIDICHVU_ID, TENNHOMDICHVU, TENKHONGDAU, CAP, CAPTREN_ID, TAMNGUNG) VALUES (3, N'05', 3, N'Phẫu thuật', N'', 1, NULL, N'0');
IF NOT EXISTS (SELECT 1 FROM dbo.DM_NhomDichVu WHERE NHOMDICHVU_ID = 4)
  INSERT INTO dbo.DM_NhomDichVu (NHOMDICHVU_ID, MANHOMDICHVU, LOAIDICHVU_ID, TENNHOMDICHVU, TENKHONGDAU, CAP, CAPTREN_ID, TAMNGUNG) VALUES (4, N'06', 3, N'Thủ thuật', N'', 1, NULL, N'0');
IF NOT EXISTS (SELECT 1 FROM dbo.DM_NhomDichVu WHERE NHOMDICHVU_ID = 5)
  INSERT INTO dbo.DM_NhomDichVu (NHOMDICHVU_ID, MANHOMDICHVU, LOAIDICHVU_ID, TENNHOMDICHVU, TENKHONGDAU, CAP, CAPTREN_ID, TAMNGUNG) VALUES (5, N'04', 1, N'Khám bệnh', N'', 1, NULL, N'0');
IF NOT EXISTS (SELECT 1 FROM dbo.DM_NhomDichVu WHERE NHOMDICHVU_ID = 6)
  INSERT INTO dbo.DM_NhomDichVu (NHOMDICHVU_ID, MANHOMDICHVU, LOAIDICHVU_ID, TENNHOMDICHVU, TENKHONGDAU, CAP, CAPTREN_ID, TAMNGUNG) VALUES (6, N'08', 5, N'Tiền giường', N'', 1, NULL, N'0');
IF NOT EXISTS (SELECT 1 FROM dbo.DM_NhomDichVu WHERE NHOMDICHVU_ID = 7)
  INSERT INTO dbo.DM_NhomDichVu (NHOMDICHVU_ID, MANHOMDICHVU, LOAIDICHVU_ID, TENNHOMDICHVU, TENKHONGDAU, CAP, CAPTREN_ID, TAMNGUNG) VALUES (7, N'0204', 2, N'X-Quang DV', N'', 2, 2, N'0');
IF NOT EXISTS (SELECT 1 FROM dbo.DM_NhomDichVu WHERE NHOMDICHVU_ID = 8)
  INSERT INTO dbo.DM_NhomDichVu (NHOMDICHVU_ID, MANHOMDICHVU, LOAIDICHVU_ID, TENNHOMDICHVU, TENKHONGDAU, CAP, CAPTREN_ID, TAMNGUNG) VALUES (8, N'0205', 2, N'X-Quang KTS', N'', 2, 2, N'0');
IF NOT EXISTS (SELECT 1 FROM dbo.DM_NhomDichVu WHERE NHOMDICHVU_ID = 9)
  INSERT INTO dbo.DM_NhomDichVu (NHOMDICHVU_ID, MANHOMDICHVU, LOAIDICHVU_ID, TENNHOMDICHVU, TENKHONGDAU, CAP, CAPTREN_ID, TAMNGUNG) VALUES (9, N'0103', 2, N'Vi sinh', N'', 2, 1, N'0');
IF NOT EXISTS (SELECT 1 FROM dbo.DM_NhomDichVu WHERE NHOMDICHVU_ID = 10)
  INSERT INTO dbo.DM_NhomDichVu (NHOMDICHVU_ID, MANHOMDICHVU, LOAIDICHVU_ID, TENNHOMDICHVU, TENKHONGDAU, CAP, CAPTREN_ID, TAMNGUNG) VALUES (10, N'0102', 2, N'Hóa sinh', N'', 2, 1, N'0');
IF NOT EXISTS (SELECT 1 FROM dbo.DM_NhomDichVu WHERE NHOMDICHVU_ID = 11)
  INSERT INTO dbo.DM_NhomDichVu (NHOMDICHVU_ID, MANHOMDICHVU, LOAIDICHVU_ID, TENNHOMDICHVU, TENKHONGDAU, CAP, CAPTREN_ID, TAMNGUNG) VALUES (11, N'0109', 2, N'Miễn dịch', N'', 2, 1, N'0');
IF NOT EXISTS (SELECT 1 FROM dbo.DM_NhomDichVu WHERE NHOMDICHVU_ID = 12)
  INSERT INTO dbo.DM_NhomDichVu (NHOMDICHVU_ID, MANHOMDICHVU, LOAIDICHVU_ID, TENNHOMDICHVU, TENKHONGDAU, CAP, CAPTREN_ID, TAMNGUNG) VALUES (12, N'0106', 2, N'Giải phẫu bệnh', N'', 2, 1, N'0');
IF NOT EXISTS (SELECT 1 FROM dbo.DM_NhomDichVu WHERE NHOMDICHVU_ID = 13)
  INSERT INTO dbo.DM_NhomDichVu (NHOMDICHVU_ID, MANHOMDICHVU, LOAIDICHVU_ID, TENNHOMDICHVU, TENKHONGDAU, CAP, CAPTREN_ID, TAMNGUNG) VALUES (13, N'0101', 2, N'Huyết học', N'', 2, 1, N'0');
IF NOT EXISTS (SELECT 1 FROM dbo.DM_NhomDichVu WHERE NHOMDICHVU_ID = 14)
  INSERT INTO dbo.DM_NhomDichVu (NHOMDICHVU_ID, MANHOMDICHVU, LOAIDICHVU_ID, TENNHOMDICHVU, TENKHONGDAU, CAP, CAPTREN_ID, TAMNGUNG) VALUES (14, N'0203', 2, N'CT', N'', 2, 2, N'0');
IF NOT EXISTS (SELECT 1 FROM dbo.DM_NhomDichVu WHERE NHOMDICHVU_ID = 15)
  INSERT INTO dbo.DM_NhomDichVu (NHOMDICHVU_ID, MANHOMDICHVU, LOAIDICHVU_ID, TENNHOMDICHVU, TENKHONGDAU, CAP, CAPTREN_ID, TAMNGUNG) VALUES (15, N'0206', 2, N'MRI', N'', 2, 2, N'0');
IF NOT EXISTS (SELECT 1 FROM dbo.DM_NhomDichVu WHERE NHOMDICHVU_ID = 16)
  INSERT INTO dbo.DM_NhomDichVu (NHOMDICHVU_ID, MANHOMDICHVU, LOAIDICHVU_ID, TENNHOMDICHVU, TENKHONGDAU, CAP, CAPTREN_ID, TAMNGUNG) VALUES (16, N'0201', 2, N'Siêu âm', N'', 2, 2, N'0');
IF NOT EXISTS (SELECT 1 FROM dbo.DM_NhomDichVu WHERE NHOMDICHVU_ID = 17)
  INSERT INTO dbo.DM_NhomDichVu (NHOMDICHVU_ID, MANHOMDICHVU, LOAIDICHVU_ID, TENNHOMDICHVU, TENKHONGDAU, CAP, CAPTREN_ID, TAMNGUNG) VALUES (17, N'0207', 2, N'Nội soi', N'', 2, 2, N'0');
IF NOT EXISTS (SELECT 1 FROM dbo.DM_NhomDichVu WHERE NHOMDICHVU_ID = 18)
  INSERT INTO dbo.DM_NhomDichVu (NHOMDICHVU_ID, MANHOMDICHVU, LOAIDICHVU_ID, TENNHOMDICHVU, TENKHONGDAU, CAP, CAPTREN_ID, TAMNGUNG) VALUES (18, N'0104', 2, N'Nước Tiểu', NULL, 2, 1, N'0');
IF NOT EXISTS (SELECT 1 FROM dbo.DM_NhomDichVu WHERE NHOMDICHVU_ID = 1018)
  INSERT INTO dbo.DM_NhomDichVu (NHOMDICHVU_ID, MANHOMDICHVU, LOAIDICHVU_ID, TENNHOMDICHVU, TENKHONGDAU, CAP, CAPTREN_ID, TAMNGUNG) VALUES (1018, N'0208', 2, N'Điện Tim', NULL, 2, 2, N'0');
IF NOT EXISTS (SELECT 1 FROM dbo.DM_NhomDichVu WHERE NHOMDICHVU_ID = 1019)
  INSERT INTO dbo.DM_NhomDichVu (NHOMDICHVU_ID, MANHOMDICHVU, LOAIDICHVU_ID, TENNHOMDICHVU, TENKHONGDAU, CAP, CAPTREN_ID, TAMNGUNG) VALUES (1019, N'0209', 2, N'Điện Não', NULL, 2, 2, N'0');
IF NOT EXISTS (SELECT 1 FROM dbo.DM_NhomDichVu WHERE NHOMDICHVU_ID = 1020)
  INSERT INTO dbo.DM_NhomDichVu (NHOMDICHVU_ID, MANHOMDICHVU, LOAIDICHVU_ID, TENNHOMDICHVU, TENKHONGDAU, CAP, CAPTREN_ID, TAMNGUNG) VALUES (1020, N'0210', 2, N'Đo loãng xương', NULL, 2, 2, N'0');
IF NOT EXISTS (SELECT 1 FROM dbo.DM_NhomDichVu WHERE NHOMDICHVU_ID = 1021)
  INSERT INTO dbo.DM_NhomDichVu (NHOMDICHVU_ID, MANHOMDICHVU, LOAIDICHVU_ID, TENNHOMDICHVU, TENKHONGDAU, CAP, CAPTREN_ID, TAMNGUNG) VALUES (1021, N'11', 4, N'Vận chuyển', NULL, 1, NULL, N'0');
IF NOT EXISTS (SELECT 1 FROM dbo.DM_NhomDichVu WHERE NHOMDICHVU_ID = 1023)
  INSERT INTO dbo.DM_NhomDichVu (NHOMDICHVU_ID, MANHOMDICHVU, LOAIDICHVU_ID, TENNHOMDICHVU, TENKHONGDAU, CAP, CAPTREN_ID, TAMNGUNG) VALUES (1023, N'0111', 2, N'Nhóm xét nghiệm tâm trí', NULL, 2, 1, N'0');
IF NOT EXISTS (SELECT 1 FROM dbo.DM_NhomDichVu WHERE NHOMDICHVU_ID = 1024)
  INSERT INTO dbo.DM_NhomDichVu (NHOMDICHVU_ID, MANHOMDICHVU, LOAIDICHVU_ID, TENNHOMDICHVU, TENKHONGDAU, CAP, CAPTREN_ID, TAMNGUNG) VALUES (1024, N'0212', 2, N'Siêu âm tâm trí', NULL, 2, 2, N'0');
IF NOT EXISTS (SELECT 1 FROM dbo.DM_NhomDichVu WHERE NHOMDICHVU_ID = 1025)
  INSERT INTO dbo.DM_NhomDichVu (NHOMDICHVU_ID, MANHOMDICHVU, LOAIDICHVU_ID, TENNHOMDICHVU, TENKHONGDAU, CAP, CAPTREN_ID, TAMNGUNG) VALUES (1025, N'0113', 2, N'Xét nghiệm labona', NULL, 2, 1, N'0');
IF NOT EXISTS (SELECT 1 FROM dbo.DM_NhomDichVu WHERE NHOMDICHVU_ID = 1026)
  INSERT INTO dbo.DM_NhomDichVu (NHOMDICHVU_ID, MANHOMDICHVU, LOAIDICHVU_ID, TENNHOMDICHVU, TENKHONGDAU, CAP, CAPTREN_ID, TAMNGUNG) VALUES (1026, N'12', 4, N'Chăm sóc hồi sức tích cực', NULL, 1, NULL, N'0');
IF NOT EXISTS (SELECT 1 FROM dbo.DM_NhomDichVu WHERE NHOMDICHVU_ID = 1027)
  INSERT INTO dbo.DM_NhomDichVu (NHOMDICHVU_ID, MANHOMDICHVU, LOAIDICHVU_ID, TENNHOMDICHVU, TENKHONGDAU, CAP, CAPTREN_ID, TAMNGUNG) VALUES (1027, N'0215', 2, N'X-Quang Tâm Trí', NULL, 1, NULL, N'0');
IF NOT EXISTS (SELECT 1 FROM dbo.DM_NhomDichVu WHERE NHOMDICHVU_ID = 1028)
  INSERT INTO dbo.DM_NhomDichVu (NHOMDICHVU_ID, MANHOMDICHVU, LOAIDICHVU_ID, TENNHOMDICHVU, TENKHONGDAU, CAP, CAPTREN_ID, TAMNGUNG) VALUES (1028, N'0216', 2, N'Điện cơ', NULL, 2, 2, N'0');
IF NOT EXISTS (SELECT 1 FROM dbo.DM_NhomDichVu WHERE NHOMDICHVU_ID = 1029)
  INSERT INTO dbo.DM_NhomDichVu (NHOMDICHVU_ID, MANHOMDICHVU, LOAIDICHVU_ID, TENNHOMDICHVU, TENKHONGDAU, CAP, CAPTREN_ID, TAMNGUNG) VALUES (1029, N'4444', 7, N'Học phí', NULL, 1, NULL, N'0');

-- ─── DM_DichVu (TOP 500 chưa tạm ngưng) ─── 
IF NOT EXISTS (SELECT 1 FROM dbo.DM_DichVu WHERE DICHVU_ID = 867)
  INSERT INTO dbo.DM_DichVu (DICHVU_ID, NHOMDICHVU_ID, MADICHVU, TENDICHVU, TENKHONGDAU, DONVITINH, CAP, CAPTREN_ID, TAMNGUNG, BHYT, THOIGIANTHUCHIEN) VALUES (867, 4, N'0001', N'Bóp bóng Ambu qua mặt nạ', NULL, N'Lần', 1, NULL, N'0', N'1', NULL);
IF NOT EXISTS (SELECT 1 FROM dbo.DM_DichVu WHERE DICHVU_ID = 868)
  INSERT INTO dbo.DM_DichVu (DICHVU_ID, NHOMDICHVU_ID, MADICHVU, TENDICHVU, TENKHONGDAU, DONVITINH, CAP, CAPTREN_ID, TAMNGUNG, BHYT, THOIGIANTHUCHIEN) VALUES (868, 4, N'0002', N'Đặt ống nội khí quản', NULL, N'Lần', 1, NULL, N'0', N'1', NULL);
IF NOT EXISTS (SELECT 1 FROM dbo.DM_DichVu WHERE DICHVU_ID = 869)
  INSERT INTO dbo.DM_DichVu (DICHVU_ID, NHOMDICHVU_ID, MADICHVU, TENDICHVU, TENKHONGDAU, DONVITINH, CAP, CAPTREN_ID, TAMNGUNG, BHYT, THOIGIANTHUCHIEN) VALUES (869, 4, N'0003', N'Chăm sóc lỗ mở khí quản (một lần)', NULL, N'Lần', 1, NULL, N'0', N'1', NULL);
IF NOT EXISTS (SELECT 1 FROM dbo.DM_DichVu WHERE DICHVU_ID = 870)
  INSERT INTO dbo.DM_DichVu (DICHVU_ID, NHOMDICHVU_ID, MADICHVU, TENDICHVU, TENKHONGDAU, DONVITINH, CAP, CAPTREN_ID, TAMNGUNG, BHYT, THOIGIANTHUCHIEN) VALUES (870, 4, N'0004', N'Khí dung thuốc cấp cứu (một lần)', NULL, N'Lần', 1, NULL, N'0', N'1', NULL);
IF NOT EXISTS (SELECT 1 FROM dbo.DM_DichVu WHERE DICHVU_ID = 871)
  INSERT INTO dbo.DM_DichVu (DICHVU_ID, NHOMDICHVU_ID, MADICHVU, TENDICHVU, TENKHONGDAU, DONVITINH, CAP, CAPTREN_ID, TAMNGUNG, BHYT, THOIGIANTHUCHIEN) VALUES (871, 4, N'0005', N'Khí dung thuốc qua thở máy (một lần)', NULL, N'Lần', 1, NULL, N'0', N'1', NULL);
IF NOT EXISTS (SELECT 1 FROM dbo.DM_DichVu WHERE DICHVU_ID = 872)
  INSERT INTO dbo.DM_DichVu (DICHVU_ID, NHOMDICHVU_ID, MADICHVU, TENDICHVU, TENKHONGDAU, DONVITINH, CAP, CAPTREN_ID, TAMNGUNG, BHYT, THOIGIANTHUCHIEN) VALUES (872, 4, N'0006', N'Cấp cứu ngừng tuần hoàn hô hấp cơ bản', NULL, N'Lần', 1, NULL, N'0', N'1', NULL);
IF NOT EXISTS (SELECT 1 FROM dbo.DM_DichVu WHERE DICHVU_ID = 873)
  INSERT INTO dbo.DM_DichVu (DICHVU_ID, NHOMDICHVU_ID, MADICHVU, TENDICHVU, TENKHONGDAU, DONVITINH, CAP, CAPTREN_ID, TAMNGUNG, BHYT, THOIGIANTHUCHIEN) VALUES (873, 4, N'0007', N'Thông bàng quang', NULL, N'Lần', 1, NULL, N'0', N'1', NULL);
IF NOT EXISTS (SELECT 1 FROM dbo.DM_DichVu WHERE DICHVU_ID = 874)
  INSERT INTO dbo.DM_DichVu (DICHVU_ID, NHOMDICHVU_ID, MADICHVU, TENDICHVU, TENKHONGDAU, DONVITINH, CAP, CAPTREN_ID, TAMNGUNG, BHYT, THOIGIANTHUCHIEN) VALUES (874, 4, N'0008', N'Đặt ống thông hậu môn', NULL, N'Lần', 1, NULL, N'0', N'1', NULL);
IF NOT EXISTS (SELECT 1 FROM dbo.DM_DichVu WHERE DICHVU_ID = 875)
  INSERT INTO dbo.DM_DichVu (DICHVU_ID, NHOMDICHVU_ID, MADICHVU, TENDICHVU, TENKHONGDAU, DONVITINH, CAP, CAPTREN_ID, TAMNGUNG, BHYT, THOIGIANTHUCHIEN) VALUES (875, 10, N'0009', N'Xét nghiệm đường máu mao mạch tại giường (một lần)', NULL, N'', 1, NULL, N'0', N'1', NULL);
IF NOT EXISTS (SELECT 1 FROM dbo.DM_DichVu WHERE DICHVU_ID = 876)
  INSERT INTO dbo.DM_DichVu (DICHVU_ID, NHOMDICHVU_ID, MADICHVU, TENDICHVU, TENKHONGDAU, DONVITINH, CAP, CAPTREN_ID, TAMNGUNG, BHYT, THOIGIANTHUCHIEN) VALUES (876, 4, N'0010', N'Khí dung thuốc giãn phế quản', NULL, N'Lần', 1, NULL, N'0', N'1', NULL);
IF NOT EXISTS (SELECT 1 FROM dbo.DM_DichVu WHERE DICHVU_ID = 877)
  INSERT INTO dbo.DM_DichVu (DICHVU_ID, NHOMDICHVU_ID, MADICHVU, TENDICHVU, TENKHONGDAU, DONVITINH, CAP, CAPTREN_ID, TAMNGUNG, BHYT, THOIGIANTHUCHIEN) VALUES (877, 4, N'0011', N'Vận động trị liệu hô hấp', NULL, N'Lần', 1, NULL, N'0', N'1', NULL);
IF NOT EXISTS (SELECT 1 FROM dbo.DM_DichVu WHERE DICHVU_ID = 878)
  INSERT INTO dbo.DM_DichVu (DICHVU_ID, NHOMDICHVU_ID, MADICHVU, TENDICHVU, TENKHONGDAU, DONVITINH, CAP, CAPTREN_ID, TAMNGUNG, BHYT, THOIGIANTHUCHIEN) VALUES (878, 1018, N'0012', N'Điện tim thường', NULL, N'Lần', 1, NULL, N'0', N'1', NULL);
IF NOT EXISTS (SELECT 1 FROM dbo.DM_DichVu WHERE DICHVU_ID = 879)
  INSERT INTO dbo.DM_DichVu (DICHVU_ID, NHOMDICHVU_ID, MADICHVU, TENDICHVU, TENKHONGDAU, DONVITINH, CAP, CAPTREN_ID, TAMNGUNG, BHYT, THOIGIANTHUCHIEN) VALUES (879, 4, N'0013', N'Hút đờm hầu họng', NULL, N'Lần', 1, NULL, N'0', N'1', NULL);
IF NOT EXISTS (SELECT 1 FROM dbo.DM_DichVu WHERE DICHVU_ID = 880)
  INSERT INTO dbo.DM_DichVu (DICHVU_ID, NHOMDICHVU_ID, MADICHVU, TENDICHVU, TENKHONGDAU, DONVITINH, CAP, CAPTREN_ID, TAMNGUNG, BHYT, THOIGIANTHUCHIEN) VALUES (880, 4, N'0014', N'Thay băng các vết loét hoại tử rộng sau TBMMN', NULL, N'Lần', 1, NULL, N'0', N'1', NULL);
IF NOT EXISTS (SELECT 1 FROM dbo.DM_DichVu WHERE DICHVU_ID = 881)
  INSERT INTO dbo.DM_DichVu (DICHVU_ID, NHOMDICHVU_ID, MADICHVU, TENDICHVU, TENKHONGDAU, DONVITINH, CAP, CAPTREN_ID, TAMNGUNG, BHYT, THOIGIANTHUCHIEN) VALUES (881, 4, N'0015', N'Xoa bóp phòng chống loét trong các bệnh thần kinh (một ngày)', NULL, N'Lần', 1, NULL, N'0', N'1', NULL);
IF NOT EXISTS (SELECT 1 FROM dbo.DM_DichVu WHERE DICHVU_ID = 882)
  INSERT INTO dbo.DM_DichVu (DICHVU_ID, NHOMDICHVU_ID, MADICHVU, TENDICHVU, TENKHONGDAU, DONVITINH, CAP, CAPTREN_ID, TAMNGUNG, BHYT, THOIGIANTHUCHIEN) VALUES (882, 4, N'0016', N'Đặt sonde bàng quang', NULL, N'Lần', 1, NULL, N'0', N'1', NULL);
IF NOT EXISTS (SELECT 1 FROM dbo.DM_DichVu WHERE DICHVU_ID = 883)
  INSERT INTO dbo.DM_DichVu (DICHVU_ID, NHOMDICHVU_ID, MADICHVU, TENDICHVU, TENKHONGDAU, DONVITINH, CAP, CAPTREN_ID, TAMNGUNG, BHYT, THOIGIANTHUCHIEN) VALUES (883, 4, N'0017', N'Rửa bàng quang', NULL, N'Lần', 1, NULL, N'0', N'1', NULL);
IF NOT EXISTS (SELECT 1 FROM dbo.DM_DichVu WHERE DICHVU_ID = 884)
  INSERT INTO dbo.DM_DichVu (DICHVU_ID, NHOMDICHVU_ID, MADICHVU, TENDICHVU, TENKHONGDAU, DONVITINH, CAP, CAPTREN_ID, TAMNGUNG, BHYT, THOIGIANTHUCHIEN) VALUES (884, 4, N'0018', N'Đặt ống thông dạ dày', NULL, N'Lần', 1, NULL, N'0', N'1', NULL);
IF NOT EXISTS (SELECT 1 FROM dbo.DM_DichVu WHERE DICHVU_ID = 885)
  INSERT INTO dbo.DM_DichVu (DICHVU_ID, NHOMDICHVU_ID, MADICHVU, TENDICHVU, TENKHONGDAU, DONVITINH, CAP, CAPTREN_ID, TAMNGUNG, BHYT, THOIGIANTHUCHIEN) VALUES (885, 4, N'0019', N'Nội soi trực tràng ống mềm', NULL, N'Lần', 1, NULL, N'0', N'1', NULL);
IF NOT EXISTS (SELECT 1 FROM dbo.DM_DichVu WHERE DICHVU_ID = 886)
  INSERT INTO dbo.DM_DichVu (DICHVU_ID, NHOMDICHVU_ID, MADICHVU, TENDICHVU, TENKHONGDAU, DONVITINH, CAP, CAPTREN_ID, TAMNGUNG, BHYT, THOIGIANTHUCHIEN) VALUES (886, 4, N'0020', N'Rửa dạ dày cấp cứu', NULL, N'Lần', 1, NULL, N'0', N'1', NULL);
IF NOT EXISTS (SELECT 1 FROM dbo.DM_DichVu WHERE DICHVU_ID = 887)
  INSERT INTO dbo.DM_DichVu (DICHVU_ID, NHOMDICHVU_ID, MADICHVU, TENDICHVU, TENKHONGDAU, DONVITINH, CAP, CAPTREN_ID, TAMNGUNG, BHYT, THOIGIANTHUCHIEN) VALUES (887, 16, N'0021', N'Siêu âm ổ bụng', NULL, N'Lần', 1, NULL, N'0', N'1', NULL);
IF NOT EXISTS (SELECT 1 FROM dbo.DM_DichVu WHERE DICHVU_ID = 888)
  INSERT INTO dbo.DM_DichVu (DICHVU_ID, NHOMDICHVU_ID, MADICHVU, TENDICHVU, TENKHONGDAU, DONVITINH, CAP, CAPTREN_ID, TAMNGUNG, BHYT, THOIGIANTHUCHIEN) VALUES (888, 4, N'0022', N'Thụt tháo chuẩn bị sạch đại tràng', NULL, N'Lần', 1, NULL, N'0', N'1', NULL);
IF NOT EXISTS (SELECT 1 FROM dbo.DM_DichVu WHERE DICHVU_ID = 889)
  INSERT INTO dbo.DM_DichVu (DICHVU_ID, NHOMDICHVU_ID, MADICHVU, TENDICHVU, TENKHONGDAU, DONVITINH, CAP, CAPTREN_ID, TAMNGUNG, BHYT, THOIGIANTHUCHIEN) VALUES (889, 4, N'0023', N'Thụt tháo phân', NULL, N'Lần', 1, NULL, N'0', N'1', NULL);
IF NOT EXISTS (SELECT 1 FROM dbo.DM_DichVu WHERE DICHVU_ID = 890)
  INSERT INTO dbo.DM_DichVu (DICHVU_ID, NHOMDICHVU_ID, MADICHVU, TENDICHVU, TENKHONGDAU, DONVITINH, CAP, CAPTREN_ID, TAMNGUNG, BHYT, THOIGIANTHUCHIEN) VALUES (890, 4, N'0024', N'Hút dịch khớp gối', NULL, N'Lần', 1, NULL, N'0', N'1', NULL);
IF NOT EXISTS (SELECT 1 FROM dbo.DM_DichVu WHERE DICHVU_ID = 891)
  INSERT INTO dbo.DM_DichVu (DICHVU_ID, NHOMDICHVU_ID, MADICHVU, TENDICHVU, TENKHONGDAU, DONVITINH, CAP, CAPTREN_ID, TAMNGUNG, BHYT, THOIGIANTHUCHIEN) VALUES (891, 4, N'0025', N'Hút dịch khớp háng', NULL, N'Lần', 1, NULL, N'0', N'1', NULL);
IF NOT EXISTS (SELECT 1 FROM dbo.DM_DichVu WHERE DICHVU_ID = 892)
  INSERT INTO dbo.DM_DichVu (DICHVU_ID, NHOMDICHVU_ID, MADICHVU, TENDICHVU, TENKHONGDAU, DONVITINH, CAP, CAPTREN_ID, TAMNGUNG, BHYT, THOIGIANTHUCHIEN) VALUES (892, 4, N'0026', N'Hút dịch khớp khuỷu', NULL, N'Lần', 1, NULL, N'0', N'1', NULL);
IF NOT EXISTS (SELECT 1 FROM dbo.DM_DichVu WHERE DICHVU_ID = 893)
  INSERT INTO dbo.DM_DichVu (DICHVU_ID, NHOMDICHVU_ID, MADICHVU, TENDICHVU, TENKHONGDAU, DONVITINH, CAP, CAPTREN_ID, TAMNGUNG, BHYT, THOIGIANTHUCHIEN) VALUES (893, 4, N'0027', N'Hút dịch khớp cổ chân', NULL, N'Lần', 1, NULL, N'0', N'1', NULL);
IF NOT EXISTS (SELECT 1 FROM dbo.DM_DichVu WHERE DICHVU_ID = 894)
  INSERT INTO dbo.DM_DichVu (DICHVU_ID, NHOMDICHVU_ID, MADICHVU, TENDICHVU, TENKHONGDAU, DONVITINH, CAP, CAPTREN_ID, TAMNGUNG, BHYT, THOIGIANTHUCHIEN) VALUES (894, 4, N'0028', N'Hút dịch khớp cổ tay', NULL, N'Lần', 1, NULL, N'0', N'1', NULL);
IF NOT EXISTS (SELECT 1 FROM dbo.DM_DichVu WHERE DICHVU_ID = 895)
  INSERT INTO dbo.DM_DichVu (DICHVU_ID, NHOMDICHVU_ID, MADICHVU, TENDICHVU, TENKHONGDAU, DONVITINH, CAP, CAPTREN_ID, TAMNGUNG, BHYT, THOIGIANTHUCHIEN) VALUES (895, 4, N'0029', N'Hút dịch khớp vai', NULL, N'Lần', 1, NULL, N'0', N'1', NULL);
IF NOT EXISTS (SELECT 1 FROM dbo.DM_DichVu WHERE DICHVU_ID = 896)
  INSERT INTO dbo.DM_DichVu (DICHVU_ID, NHOMDICHVU_ID, MADICHVU, TENDICHVU, TENKHONGDAU, DONVITINH, CAP, CAPTREN_ID, TAMNGUNG, BHYT, THOIGIANTHUCHIEN) VALUES (896, 4, N'0030', N'Hút nang bao hoạt dịch', NULL, N'Lần', 1, NULL, N'0', N'1', NULL);
IF NOT EXISTS (SELECT 1 FROM dbo.DM_DichVu WHERE DICHVU_ID = 897)
  INSERT INTO dbo.DM_DichVu (DICHVU_ID, NHOMDICHVU_ID, MADICHVU, TENDICHVU, TENKHONGDAU, DONVITINH, CAP, CAPTREN_ID, TAMNGUNG, BHYT, THOIGIANTHUCHIEN) VALUES (897, 4, N'0031', N'Hút nang bao hoạt dịch dưới hướng dẫn của siêu âm', NULL, N'Lần', 1, NULL, N'0', N'1', NULL);
IF NOT EXISTS (SELECT 1 FROM dbo.DM_DichVu WHERE DICHVU_ID = 898)
  INSERT INTO dbo.DM_DichVu (DICHVU_ID, NHOMDICHVU_ID, MADICHVU, TENDICHVU, TENKHONGDAU, DONVITINH, CAP, CAPTREN_ID, TAMNGUNG, BHYT, THOIGIANTHUCHIEN) VALUES (898, 4, N'0032', N'Hút ổ viêm/ áp xe phần mềm', NULL, N'Lần', 1, NULL, N'0', N'1', NULL);
IF NOT EXISTS (SELECT 1 FROM dbo.DM_DichVu WHERE DICHVU_ID = 899)
  INSERT INTO dbo.DM_DichVu (DICHVU_ID, NHOMDICHVU_ID, MADICHVU, TENDICHVU, TENKHONGDAU, DONVITINH, CAP, CAPTREN_ID, TAMNGUNG, BHYT, THOIGIANTHUCHIEN) VALUES (899, 4, N'0033', N'Hút ổ viêm/ áp xe phần mềm dưới hướng dẫn của siêu âm', NULL, N'Lần', 1, NULL, N'0', N'1', NULL);
IF NOT EXISTS (SELECT 1 FROM dbo.DM_DichVu WHERE DICHVU_ID = 900)
  INSERT INTO dbo.DM_DichVu (DICHVU_ID, NHOMDICHVU_ID, MADICHVU, TENDICHVU, TENKHONGDAU, DONVITINH, CAP, CAPTREN_ID, TAMNGUNG, BHYT, THOIGIANTHUCHIEN) VALUES (900, 4, N'0034', N'Tiêm khớp gối', NULL, N'Lần', 1, NULL, N'0', N'1', NULL);
IF NOT EXISTS (SELECT 1 FROM dbo.DM_DichVu WHERE DICHVU_ID = 901)
  INSERT INTO dbo.DM_DichVu (DICHVU_ID, NHOMDICHVU_ID, MADICHVU, TENDICHVU, TENKHONGDAU, DONVITINH, CAP, CAPTREN_ID, TAMNGUNG, BHYT, THOIGIANTHUCHIEN) VALUES (901, 4, N'0035', N'Tiêm khớp háng', NULL, N'Lần', 1, NULL, N'0', N'1', NULL);
IF NOT EXISTS (SELECT 1 FROM dbo.DM_DichVu WHERE DICHVU_ID = 902)
  INSERT INTO dbo.DM_DichVu (DICHVU_ID, NHOMDICHVU_ID, MADICHVU, TENDICHVU, TENKHONGDAU, DONVITINH, CAP, CAPTREN_ID, TAMNGUNG, BHYT, THOIGIANTHUCHIEN) VALUES (902, 4, N'0036', N'Tiêm khớp cổ chân', NULL, N'Lần', 1, NULL, N'0', N'1', NULL);
IF NOT EXISTS (SELECT 1 FROM dbo.DM_DichVu WHERE DICHVU_ID = 903)
  INSERT INTO dbo.DM_DichVu (DICHVU_ID, NHOMDICHVU_ID, MADICHVU, TENDICHVU, TENKHONGDAU, DONVITINH, CAP, CAPTREN_ID, TAMNGUNG, BHYT, THOIGIANTHUCHIEN) VALUES (903, 4, N'0037', N'Tiêm khớp bàn ngón chân', NULL, N'Lần', 1, NULL, N'0', N'1', NULL);
IF NOT EXISTS (SELECT 1 FROM dbo.DM_DichVu WHERE DICHVU_ID = 904)
  INSERT INTO dbo.DM_DichVu (DICHVU_ID, NHOMDICHVU_ID, MADICHVU, TENDICHVU, TENKHONGDAU, DONVITINH, CAP, CAPTREN_ID, TAMNGUNG, BHYT, THOIGIANTHUCHIEN) VALUES (904, 4, N'0038', N'Tiêm khớp cổ tay
', NULL, N'Lần', 1, NULL, N'0', N'1', NULL);
IF NOT EXISTS (SELECT 1 FROM dbo.DM_DichVu WHERE DICHVU_ID = 905)
  INSERT INTO dbo.DM_DichVu (DICHVU_ID, NHOMDICHVU_ID, MADICHVU, TENDICHVU, TENKHONGDAU, DONVITINH, CAP, CAPTREN_ID, TAMNGUNG, BHYT, THOIGIANTHUCHIEN) VALUES (905, 4, N'0039', N'Tiêm khớp bàn ngón tay
', NULL, N'Lần', 1, NULL, N'0', N'1', NULL);
IF NOT EXISTS (SELECT 1 FROM dbo.DM_DichVu WHERE DICHVU_ID = 906)
  INSERT INTO dbo.DM_DichVu (DICHVU_ID, NHOMDICHVU_ID, MADICHVU, TENDICHVU, TENKHONGDAU, DONVITINH, CAP, CAPTREN_ID, TAMNGUNG, BHYT, THOIGIANTHUCHIEN) VALUES (906, 4, N'0040', N'Tiêm khớp đốt ngón tay
', NULL, N'Lần', 1, NULL, N'0', N'1', NULL);
IF NOT EXISTS (SELECT 1 FROM dbo.DM_DichVu WHERE DICHVU_ID = 907)
  INSERT INTO dbo.DM_DichVu (DICHVU_ID, NHOMDICHVU_ID, MADICHVU, TENDICHVU, TENKHONGDAU, DONVITINH, CAP, CAPTREN_ID, TAMNGUNG, BHYT, THOIGIANTHUCHIEN) VALUES (907, 4, N'0041', N'Tiêm khớp khuỷu tay
', NULL, N'Lần', 1, NULL, N'0', N'1', NULL);
IF NOT EXISTS (SELECT 1 FROM dbo.DM_DichVu WHERE DICHVU_ID = 908)
  INSERT INTO dbo.DM_DichVu (DICHVU_ID, NHOMDICHVU_ID, MADICHVU, TENDICHVU, TENKHONGDAU, DONVITINH, CAP, CAPTREN_ID, TAMNGUNG, BHYT, THOIGIANTHUCHIEN) VALUES (908, 4, N'0042', N'Tiêm khớp vai
', NULL, N'Lần', 1, NULL, N'0', N'1', NULL);
IF NOT EXISTS (SELECT 1 FROM dbo.DM_DichVu WHERE DICHVU_ID = 909)
  INSERT INTO dbo.DM_DichVu (DICHVU_ID, NHOMDICHVU_ID, MADICHVU, TENDICHVU, TENKHONGDAU, DONVITINH, CAP, CAPTREN_ID, TAMNGUNG, BHYT, THOIGIANTHUCHIEN) VALUES (909, 4, N'0043', N'Tiêm khớp ức đòn
', NULL, N'Lần', 1, NULL, N'0', N'1', NULL);
IF NOT EXISTS (SELECT 1 FROM dbo.DM_DichVu WHERE DICHVU_ID = 910)
  INSERT INTO dbo.DM_DichVu (DICHVU_ID, NHOMDICHVU_ID, MADICHVU, TENDICHVU, TENKHONGDAU, DONVITINH, CAP, CAPTREN_ID, TAMNGUNG, BHYT, THOIGIANTHUCHIEN) VALUES (910, 4, N'0044', N'Tiêm khớp ức - sườn
', NULL, N'Lần', 1, NULL, N'0', N'1', NULL);
IF NOT EXISTS (SELECT 1 FROM dbo.DM_DichVu WHERE DICHVU_ID = 911)
  INSERT INTO dbo.DM_DichVu (DICHVU_ID, NHOMDICHVU_ID, MADICHVU, TENDICHVU, TENKHONGDAU, DONVITINH, CAP, CAPTREN_ID, TAMNGUNG, BHYT, THOIGIANTHUCHIEN) VALUES (911, 4, N'0045', N'Tiêm khớp đòn- cùng vai
', NULL, N'Lần', 1, NULL, N'0', N'1', NULL);
IF NOT EXISTS (SELECT 1 FROM dbo.DM_DichVu WHERE DICHVU_ID = 912)
  INSERT INTO dbo.DM_DichVu (DICHVU_ID, NHOMDICHVU_ID, MADICHVU, TENDICHVU, TENKHONGDAU, DONVITINH, CAP, CAPTREN_ID, TAMNGUNG, BHYT, THOIGIANTHUCHIEN) VALUES (912, 4, N'0046', N'Tiêm khớp thái dương hàm
', NULL, N'Lần', 1, NULL, N'0', N'1', NULL);
IF NOT EXISTS (SELECT 1 FROM dbo.DM_DichVu WHERE DICHVU_ID = 913)
  INSERT INTO dbo.DM_DichVu (DICHVU_ID, NHOMDICHVU_ID, MADICHVU, TENDICHVU, TENKHONGDAU, DONVITINH, CAP, CAPTREN_ID, TAMNGUNG, BHYT, THOIGIANTHUCHIEN) VALUES (913, 4, N'0047', N'Tiêm khớp cùng chậu', NULL, N'Lần', 1, NULL, N'0', N'1', NULL);
IF NOT EXISTS (SELECT 1 FROM dbo.DM_DichVu WHERE DICHVU_ID = 914)
  INSERT INTO dbo.DM_DichVu (DICHVU_ID, NHOMDICHVU_ID, MADICHVU, TENDICHVU, TENKHONGDAU, DONVITINH, CAP, CAPTREN_ID, TAMNGUNG, BHYT, THOIGIANTHUCHIEN) VALUES (914, 4, N'0048', N'Tiêm điểm bám gân mỏm trâm quay (mỏm trâm trụ)', NULL, N'Lần', 1, NULL, N'0', N'1', NULL);
IF NOT EXISTS (SELECT 1 FROM dbo.DM_DichVu WHERE DICHVU_ID = 915)
  INSERT INTO dbo.DM_DichVu (DICHVU_ID, NHOMDICHVU_ID, MADICHVU, TENDICHVU, TENKHONGDAU, DONVITINH, CAP, CAPTREN_ID, TAMNGUNG, BHYT, THOIGIANTHUCHIEN) VALUES (915, 4, N'0049', N'Tiêm điểm bám gân lồi cầu trong 
(lồi cầu ngoài) xương cánh tay', NULL, N'Lần', 1, NULL, N'0', N'1', NULL);
IF NOT EXISTS (SELECT 1 FROM dbo.DM_DichVu WHERE DICHVU_ID = 916)
  INSERT INTO dbo.DM_DichVu (DICHVU_ID, NHOMDICHVU_ID, MADICHVU, TENDICHVU, TENKHONGDAU, DONVITINH, CAP, CAPTREN_ID, TAMNGUNG, BHYT, THOIGIANTHUCHIEN) VALUES (916, 4, N'0050', N'Tiêm điểm bám gân quanh khớp gối
', NULL, N'Lần', 1, NULL, N'0', N'1', NULL);
IF NOT EXISTS (SELECT 1 FROM dbo.DM_DichVu WHERE DICHVU_ID = 917)
  INSERT INTO dbo.DM_DichVu (DICHVU_ID, NHOMDICHVU_ID, MADICHVU, TENDICHVU, TENKHONGDAU, DONVITINH, CAP, CAPTREN_ID, TAMNGUNG, BHYT, THOIGIANTHUCHIEN) VALUES (917, 4, N'0051', N'Tiêm hội chứng De Quervain
', NULL, N'Lần', 1, NULL, N'0', N'1', NULL);
IF NOT EXISTS (SELECT 1 FROM dbo.DM_DichVu WHERE DICHVU_ID = 918)
  INSERT INTO dbo.DM_DichVu (DICHVU_ID, NHOMDICHVU_ID, MADICHVU, TENDICHVU, TENKHONGDAU, DONVITINH, CAP, CAPTREN_ID, TAMNGUNG, BHYT, THOIGIANTHUCHIEN) VALUES (918, 4, N'0052', N'Tiêm hội chứng đường hầm cổ tay
', NULL, N'Lần', 1, NULL, N'0', N'1', NULL);
IF NOT EXISTS (SELECT 1 FROM dbo.DM_DichVu WHERE DICHVU_ID = 919)
  INSERT INTO dbo.DM_DichVu (DICHVU_ID, NHOMDICHVU_ID, MADICHVU, TENDICHVU, TENKHONGDAU, DONVITINH, CAP, CAPTREN_ID, TAMNGUNG, BHYT, THOIGIANTHUCHIEN) VALUES (919, 4, N'0053', N'Tiêm gân gấp ngón tay
', NULL, N'Lần', 1, NULL, N'0', N'1', NULL);
IF NOT EXISTS (SELECT 1 FROM dbo.DM_DichVu WHERE DICHVU_ID = 920)
  INSERT INTO dbo.DM_DichVu (DICHVU_ID, NHOMDICHVU_ID, MADICHVU, TENDICHVU, TENKHONGDAU, DONVITINH, CAP, CAPTREN_ID, TAMNGUNG, BHYT, THOIGIANTHUCHIEN) VALUES (920, 4, N'0054', N'Tiêm gân nhị đầu khớp vai
', NULL, N'Lần', 1, NULL, N'0', N'1', NULL);
IF NOT EXISTS (SELECT 1 FROM dbo.DM_DichVu WHERE DICHVU_ID = 921)
  INSERT INTO dbo.DM_DichVu (DICHVU_ID, NHOMDICHVU_ID, MADICHVU, TENDICHVU, TENKHONGDAU, DONVITINH, CAP, CAPTREN_ID, TAMNGUNG, BHYT, THOIGIANTHUCHIEN) VALUES (921, 4, N'0055', N'Tiêm gân trên gai (dưới gai, 
gân bao xoay khớp vai)', NULL, N'Lần', 1, NULL, N'0', N'1', NULL);
IF NOT EXISTS (SELECT 1 FROM dbo.DM_DichVu WHERE DICHVU_ID = 922)
  INSERT INTO dbo.DM_DichVu (DICHVU_ID, NHOMDICHVU_ID, MADICHVU, TENDICHVU, TENKHONGDAU, DONVITINH, CAP, CAPTREN_ID, TAMNGUNG, BHYT, THOIGIANTHUCHIEN) VALUES (922, 4, N'0056', N'Tiêm điểm bám gân mỏm cùng vai
', NULL, N'Lần', 1, NULL, N'0', N'1', NULL);
IF NOT EXISTS (SELECT 1 FROM dbo.DM_DichVu WHERE DICHVU_ID = 923)
  INSERT INTO dbo.DM_DichVu (DICHVU_ID, NHOMDICHVU_ID, MADICHVU, TENDICHVU, TENKHONGDAU, DONVITINH, CAP, CAPTREN_ID, TAMNGUNG, BHYT, THOIGIANTHUCHIEN) VALUES (923, 4, N'0057', N'Tiêm điểm bám gân mỏm trâm quay 
(trâm trụ)', NULL, N'Lần', 1, NULL, N'0', N'1', NULL);
IF NOT EXISTS (SELECT 1 FROM dbo.DM_DichVu WHERE DICHVU_ID = 924)
  INSERT INTO dbo.DM_DichVu (DICHVU_ID, NHOMDICHVU_ID, MADICHVU, TENDICHVU, TENKHONGDAU, DONVITINH, CAP, CAPTREN_ID, TAMNGUNG, BHYT, THOIGIANTHUCHIEN) VALUES (924, 4, N'0058', N'Tiêm gân gót
', NULL, N'Lần', 1, NULL, N'0', N'1', NULL);
IF NOT EXISTS (SELECT 1 FROM dbo.DM_DichVu WHERE DICHVU_ID = 925)
  INSERT INTO dbo.DM_DichVu (DICHVU_ID, NHOMDICHVU_ID, MADICHVU, TENDICHVU, TENKHONGDAU, DONVITINH, CAP, CAPTREN_ID, TAMNGUNG, BHYT, THOIGIANTHUCHIEN) VALUES (925, 4, N'0059', N'Tiêm cân gan chân
', NULL, N'Lần', 1, NULL, N'0', N'1', NULL);
IF NOT EXISTS (SELECT 1 FROM dbo.DM_DichVu WHERE DICHVU_ID = 926)
  INSERT INTO dbo.DM_DichVu (DICHVU_ID, NHOMDICHVU_ID, MADICHVU, TENDICHVU, TENKHONGDAU, DONVITINH, CAP, CAPTREN_ID, TAMNGUNG, BHYT, THOIGIANTHUCHIEN) VALUES (926, 4, N'0060', N'Tiêm cạnh cột sống cổ
', NULL, N'Lần', 1, NULL, N'0', N'1', NULL);
IF NOT EXISTS (SELECT 1 FROM dbo.DM_DichVu WHERE DICHVU_ID = 927)
  INSERT INTO dbo.DM_DichVu (DICHVU_ID, NHOMDICHVU_ID, MADICHVU, TENDICHVU, TENKHONGDAU, DONVITINH, CAP, CAPTREN_ID, TAMNGUNG, BHYT, THOIGIANTHUCHIEN) VALUES (927, 4, N'0061', N'Tiêm cạnh cột sống thắt lưng
', NULL, N'Lần', 1, NULL, N'0', N'1', NULL);
IF NOT EXISTS (SELECT 1 FROM dbo.DM_DichVu WHERE DICHVU_ID = 928)
  INSERT INTO dbo.DM_DichVu (DICHVU_ID, NHOMDICHVU_ID, MADICHVU, TENDICHVU, TENKHONGDAU, DONVITINH, CAP, CAPTREN_ID, TAMNGUNG, BHYT, THOIGIANTHUCHIEN) VALUES (928, 4, N'0062', N'Tiêm cạnh cột sống ngực
', NULL, N'Lần', 1, NULL, N'0', N'1', NULL);
IF NOT EXISTS (SELECT 1 FROM dbo.DM_DichVu WHERE DICHVU_ID = 929)
  INSERT INTO dbo.DM_DichVu (DICHVU_ID, NHOMDICHVU_ID, MADICHVU, TENDICHVU, TENKHONGDAU, DONVITINH, CAP, CAPTREN_ID, TAMNGUNG, BHYT, THOIGIANTHUCHIEN) VALUES (929, 4, N'0063', N'Tiêm khớp gối dưới hướng dẫn 
của siêu âm', NULL, N'Lần', 1, NULL, N'0', N'1', NULL);
IF NOT EXISTS (SELECT 1 FROM dbo.DM_DichVu WHERE DICHVU_ID = 930)
  INSERT INTO dbo.DM_DichVu (DICHVU_ID, NHOMDICHVU_ID, MADICHVU, TENDICHVU, TENKHONGDAU, DONVITINH, CAP, CAPTREN_ID, TAMNGUNG, BHYT, THOIGIANTHUCHIEN) VALUES (930, 4, N'0064', N'Tiêm khớp háng dưới hướng dẫn
 của siêu âm', NULL, N'Lần', 1, NULL, N'0', N'1', NULL);
IF NOT EXISTS (SELECT 1 FROM dbo.DM_DichVu WHERE DICHVU_ID = 931)
  INSERT INTO dbo.DM_DichVu (DICHVU_ID, NHOMDICHVU_ID, MADICHVU, TENDICHVU, TENKHONGDAU, DONVITINH, CAP, CAPTREN_ID, TAMNGUNG, BHYT, THOIGIANTHUCHIEN) VALUES (931, 4, N'0065', N'Tiêm khớp cổ chân dưới hướng dẫn 
của siêu âm', NULL, N'Lần', 1, NULL, N'0', N'1', NULL);
IF NOT EXISTS (SELECT 1 FROM dbo.DM_DichVu WHERE DICHVU_ID = 932)
  INSERT INTO dbo.DM_DichVu (DICHVU_ID, NHOMDICHVU_ID, MADICHVU, TENDICHVU, TENKHONGDAU, DONVITINH, CAP, CAPTREN_ID, TAMNGUNG, BHYT, THOIGIANTHUCHIEN) VALUES (932, 4, N'0066', N'Tiêm khớp bàn ngón chân dưới 
hướng dẫn của siêu âm', NULL, N'Lần', 1, NULL, N'0', N'1', NULL);
IF NOT EXISTS (SELECT 1 FROM dbo.DM_DichVu WHERE DICHVU_ID = 933)
  INSERT INTO dbo.DM_DichVu (DICHVU_ID, NHOMDICHVU_ID, MADICHVU, TENDICHVU, TENKHONGDAU, DONVITINH, CAP, CAPTREN_ID, TAMNGUNG, BHYT, THOIGIANTHUCHIEN) VALUES (933, 1018, N'0067', N'Theo dõi điện tim cấp cứu tại giường liên tục 24 giờ', NULL, N'Lần', 1, NULL, N'0', N'1', NULL);
IF NOT EXISTS (SELECT 1 FROM dbo.DM_DichVu WHERE DICHVU_ID = 934)
  INSERT INTO dbo.DM_DichVu (DICHVU_ID, NHOMDICHVU_ID, MADICHVU, TENDICHVU, TENKHONGDAU, DONVITINH, CAP, CAPTREN_ID, TAMNGUNG, BHYT, THOIGIANTHUCHIEN) VALUES (934, 1018, N'0068', N'Ghi điện tim cấp cứu tại giường', NULL, N'Lần', 1, NULL, N'0', N'1', NULL);
IF NOT EXISTS (SELECT 1 FROM dbo.DM_DichVu WHERE DICHVU_ID = 935)
  INSERT INTO dbo.DM_DichVu (DICHVU_ID, NHOMDICHVU_ID, MADICHVU, TENDICHVU, TENKHONGDAU, DONVITINH, CAP, CAPTREN_ID, TAMNGUNG, BHYT, THOIGIANTHUCHIEN) VALUES (935, 4, N'0069', N'Đặt ống nội khí quản', NULL, N'Lần', 1, NULL, N'0', N'1', NULL);
IF NOT EXISTS (SELECT 1 FROM dbo.DM_DichVu WHERE DICHVU_ID = 936)
  INSERT INTO dbo.DM_DichVu (DICHVU_ID, NHOMDICHVU_ID, MADICHVU, TENDICHVU, TENKHONGDAU, DONVITINH, CAP, CAPTREN_ID, TAMNGUNG, BHYT, THOIGIANTHUCHIEN) VALUES (936, 4, N'0070', N'Chăm sóc lỗ mở khí quản', NULL, N'Lần', 1, NULL, N'0', N'1', NULL);
IF NOT EXISTS (SELECT 1 FROM dbo.DM_DichVu WHERE DICHVU_ID = 937)
  INSERT INTO dbo.DM_DichVu (DICHVU_ID, NHOMDICHVU_ID, MADICHVU, TENDICHVU, TENKHONGDAU, DONVITINH, CAP, CAPTREN_ID, TAMNGUNG, BHYT, THOIGIANTHUCHIEN) VALUES (937, 4, N'0071', N'Cố định lồng ngực do chấn thương gãy xương sườn', NULL, N'Lần', 1, NULL, N'0', N'1', NULL);
IF NOT EXISTS (SELECT 1 FROM dbo.DM_DichVu WHERE DICHVU_ID = 938)
  INSERT INTO dbo.DM_DichVu (DICHVU_ID, NHOMDICHVU_ID, MADICHVU, TENDICHVU, TENKHONGDAU, DONVITINH, CAP, CAPTREN_ID, TAMNGUNG, BHYT, THOIGIANTHUCHIEN) VALUES (938, 4, N'0072', N'Cấp cứu ngừng tuần hoàn hô hấp', NULL, N'Lần', 1, NULL, N'0', N'1', NULL);
IF NOT EXISTS (SELECT 1 FROM dbo.DM_DichVu WHERE DICHVU_ID = 939)
  INSERT INTO dbo.DM_DichVu (DICHVU_ID, NHOMDICHVU_ID, MADICHVU, TENDICHVU, TENKHONGDAU, DONVITINH, CAP, CAPTREN_ID, TAMNGUNG, BHYT, THOIGIANTHUCHIEN) VALUES (939, 4, N'0073', N'Thông tiểu', NULL, N'Lần', 1, NULL, N'0', N'1', NULL);
IF NOT EXISTS (SELECT 1 FROM dbo.DM_DichVu WHERE DICHVU_ID = 940)
  INSERT INTO dbo.DM_DichVu (DICHVU_ID, NHOMDICHVU_ID, MADICHVU, TENDICHVU, TENKHONGDAU, DONVITINH, CAP, CAPTREN_ID, TAMNGUNG, BHYT, THOIGIANTHUCHIEN) VALUES (940, 4, N'0074', N'Đặt ống thông dạ dày', NULL, N'Lần', 1, NULL, N'0', N'1', NULL);
IF NOT EXISTS (SELECT 1 FROM dbo.DM_DichVu WHERE DICHVU_ID = 941)
  INSERT INTO dbo.DM_DichVu (DICHVU_ID, NHOMDICHVU_ID, MADICHVU, TENDICHVU, TENKHONGDAU, DONVITINH, CAP, CAPTREN_ID, TAMNGUNG, BHYT, THOIGIANTHUCHIEN) VALUES (941, 4, N'0075', N'Đặt sonde hậu môn', NULL, N'Lần', 1, NULL, N'0', N'1', NULL);
IF NOT EXISTS (SELECT 1 FROM dbo.DM_DichVu WHERE DICHVU_ID = 942)
  INSERT INTO dbo.DM_DichVu (DICHVU_ID, NHOMDICHVU_ID, MADICHVU, TENDICHVU, TENKHONGDAU, DONVITINH, CAP, CAPTREN_ID, TAMNGUNG, BHYT, THOIGIANTHUCHIEN) VALUES (942, 4, N'0076', N'Thụt tháo phân', NULL, N'Lần', 1, NULL, N'0', N'1', NULL);
IF NOT EXISTS (SELECT 1 FROM dbo.DM_DichVu WHERE DICHVU_ID = 943)
  INSERT INTO dbo.DM_DichVu (DICHVU_ID, NHOMDICHVU_ID, MADICHVU, TENDICHVU, TENKHONGDAU, DONVITINH, CAP, CAPTREN_ID, TAMNGUNG, BHYT, THOIGIANTHUCHIEN) VALUES (943, 4, N'0077', N'Tiêm trong da', NULL, N'Lần', 1, NULL, N'0', N'1', NULL);
IF NOT EXISTS (SELECT 1 FROM dbo.DM_DichVu WHERE DICHVU_ID = 944)
  INSERT INTO dbo.DM_DichVu (DICHVU_ID, NHOMDICHVU_ID, MADICHVU, TENDICHVU, TENKHONGDAU, DONVITINH, CAP, CAPTREN_ID, TAMNGUNG, BHYT, THOIGIANTHUCHIEN) VALUES (944, 4, N'0078', N'Tiêm dưới da', NULL, N'Lần', 1, NULL, N'0', N'1', NULL);
IF NOT EXISTS (SELECT 1 FROM dbo.DM_DichVu WHERE DICHVU_ID = 945)
  INSERT INTO dbo.DM_DichVu (DICHVU_ID, NHOMDICHVU_ID, MADICHVU, TENDICHVU, TENKHONGDAU, DONVITINH, CAP, CAPTREN_ID, TAMNGUNG, BHYT, THOIGIANTHUCHIEN) VALUES (945, 4, N'0079', N'Tiêm bắp thịt', NULL, N'Lần', 1, NULL, N'0', N'1', NULL);
IF NOT EXISTS (SELECT 1 FROM dbo.DM_DichVu WHERE DICHVU_ID = 946)
  INSERT INTO dbo.DM_DichVu (DICHVU_ID, NHOMDICHVU_ID, MADICHVU, TENDICHVU, TENKHONGDAU, DONVITINH, CAP, CAPTREN_ID, TAMNGUNG, BHYT, THOIGIANTHUCHIEN) VALUES (946, 4, N'0080', N'Tiêm tĩnh mạch', NULL, N'Lần', 1, NULL, N'0', N'1', NULL);
IF NOT EXISTS (SELECT 1 FROM dbo.DM_DichVu WHERE DICHVU_ID = 947)
  INSERT INTO dbo.DM_DichVu (DICHVU_ID, NHOMDICHVU_ID, MADICHVU, TENDICHVU, TENKHONGDAU, DONVITINH, CAP, CAPTREN_ID, TAMNGUNG, BHYT, THOIGIANTHUCHIEN) VALUES (947, 4, N'0081', N'Truyền tĩnh mạch', NULL, N'Lần', 1, NULL, N'0', N'1', NULL);
IF NOT EXISTS (SELECT 1 FROM dbo.DM_DichVu WHERE DICHVU_ID = 948)
  INSERT INTO dbo.DM_DichVu (DICHVU_ID, NHOMDICHVU_ID, MADICHVU, TENDICHVU, TENKHONGDAU, DONVITINH, CAP, CAPTREN_ID, TAMNGUNG, BHYT, THOIGIANTHUCHIEN) VALUES (948, 3, N'0082', N'Phẫu thuật Longo', NULL, N'Lần', 1, NULL, N'0', N'1', NULL);
IF NOT EXISTS (SELECT 1 FROM dbo.DM_DichVu WHERE DICHVU_ID = 949)
  INSERT INTO dbo.DM_DichVu (DICHVU_ID, NHOMDICHVU_ID, MADICHVU, TENDICHVU, TENKHONGDAU, DONVITINH, CAP, CAPTREN_ID, TAMNGUNG, BHYT, THOIGIANTHUCHIEN) VALUES (949, 3, N'0083', N'Phẫu thuật điều trị rò cạnh hậu môn', NULL, N'Lần', 1, NULL, N'0', N'1', NULL);
IF NOT EXISTS (SELECT 1 FROM dbo.DM_DichVu WHERE DICHVU_ID = 950)
  INSERT INTO dbo.DM_DichVu (DICHVU_ID, NHOMDICHVU_ID, MADICHVU, TENDICHVU, TENKHONGDAU, DONVITINH, CAP, CAPTREN_ID, TAMNGUNG, BHYT, THOIGIANTHUCHIEN) VALUES (950, 3, N'0084', N'Phẫu thuật rò hậu môn phức tạp hay phẫu thuật lại', NULL, N'Lần', 1, NULL, N'0', N'1', NULL);
IF NOT EXISTS (SELECT 1 FROM dbo.DM_DichVu WHERE DICHVU_ID = 951)
  INSERT INTO dbo.DM_DichVu (DICHVU_ID, NHOMDICHVU_ID, MADICHVU, TENDICHVU, TENKHONGDAU, DONVITINH, CAP, CAPTREN_ID, TAMNGUNG, BHYT, THOIGIANTHUCHIEN) VALUES (951, 3, N'0085', N'Phẫu thuật áp xe hậu môn, có mở lỗ rò', NULL, N'Lần', 1, NULL, N'0', N'1', NULL);
IF NOT EXISTS (SELECT 1 FROM dbo.DM_DichVu WHERE DICHVU_ID = 952)
  INSERT INTO dbo.DM_DichVu (DICHVU_ID, NHOMDICHVU_ID, MADICHVU, TENDICHVU, TENKHONGDAU, DONVITINH, CAP, CAPTREN_ID, TAMNGUNG, BHYT, THOIGIANTHUCHIEN) VALUES (952, 3, N'0086', N'Cắt trĩ từ 2 búi trở lên', NULL, N'Lần', 1, NULL, N'0', N'1', NULL);
IF NOT EXISTS (SELECT 1 FROM dbo.DM_DichVu WHERE DICHVU_ID = 953)
  INSERT INTO dbo.DM_DichVu (DICHVU_ID, NHOMDICHVU_ID, MADICHVU, TENDICHVU, TENKHONGDAU, DONVITINH, CAP, CAPTREN_ID, TAMNGUNG, BHYT, THOIGIANTHUCHIEN) VALUES (953, 3, N'0087', N'Phẫu thuật trĩ độ 3', NULL, N'Lần', 1, NULL, N'0', N'1', NULL);
IF NOT EXISTS (SELECT 1 FROM dbo.DM_DichVu WHERE DICHVU_ID = 954)
  INSERT INTO dbo.DM_DichVu (DICHVU_ID, NHOMDICHVU_ID, MADICHVU, TENDICHVU, TENKHONGDAU, DONVITINH, CAP, CAPTREN_ID, TAMNGUNG, BHYT, THOIGIANTHUCHIEN) VALUES (954, 3, N'0088', N'Phẫu thuật trĩ độ 3', NULL, N'Lần', 1, NULL, N'0', N'1', NULL);
IF NOT EXISTS (SELECT 1 FROM dbo.DM_DichVu WHERE DICHVU_ID = 955)
  INSERT INTO dbo.DM_DichVu (DICHVU_ID, NHOMDICHVU_ID, MADICHVU, TENDICHVU, TENKHONGDAU, DONVITINH, CAP, CAPTREN_ID, TAMNGUNG, BHYT, THOIGIANTHUCHIEN) VALUES (955, 3, N'0089', N'Phẫu thuật trĩ độ 1V', NULL, N'Lần', 1, NULL, N'0', N'1', NULL);
IF NOT EXISTS (SELECT 1 FROM dbo.DM_DichVu WHERE DICHVU_ID = 956)
  INSERT INTO dbo.DM_DichVu (DICHVU_ID, NHOMDICHVU_ID, MADICHVU, TENDICHVU, TENKHONGDAU, DONVITINH, CAP, CAPTREN_ID, TAMNGUNG, BHYT, THOIGIANTHUCHIEN) VALUES (956, 3, N'0090', N'Cắt bỏ trĩ vòng', NULL, N'Lần', 1, NULL, N'0', N'1', NULL);
IF NOT EXISTS (SELECT 1 FROM dbo.DM_DichVu WHERE DICHVU_ID = 957)
  INSERT INTO dbo.DM_DichVu (DICHVU_ID, NHOMDICHVU_ID, MADICHVU, TENDICHVU, TENKHONGDAU, DONVITINH, CAP, CAPTREN_ID, TAMNGUNG, BHYT, THOIGIANTHUCHIEN) VALUES (957, 3, N'0091', N'Phẫu thuật lại trĩ chảy máu', NULL, N'Lần', 1, NULL, N'0', N'1', NULL);
IF NOT EXISTS (SELECT 1 FROM dbo.DM_DichVu WHERE DICHVU_ID = 958)
  INSERT INTO dbo.DM_DichVu (DICHVU_ID, NHOMDICHVU_ID, MADICHVU, TENDICHVU, TENKHONGDAU, DONVITINH, CAP, CAPTREN_ID, TAMNGUNG, BHYT, THOIGIANTHUCHIEN) VALUES (958, 3, N'0092', N'Phẫu thuật trĩ nhồi máu phức tạp', NULL, N'Lần', 1, NULL, N'0', N'1', NULL);
IF NOT EXISTS (SELECT 1 FROM dbo.DM_DichVu WHERE DICHVU_ID = 959)
  INSERT INTO dbo.DM_DichVu (DICHVU_ID, NHOMDICHVU_ID, MADICHVU, TENDICHVU, TENKHONGDAU, DONVITINH, CAP, CAPTREN_ID, TAMNGUNG, BHYT, THOIGIANTHUCHIEN) VALUES (959, 3, N'0093', N'Phẫu thuật rò hậu môn thể đơn giản', NULL, N'Lần', 1, NULL, N'0', N'1', NULL);
IF NOT EXISTS (SELECT 1 FROM dbo.DM_DichVu WHERE DICHVU_ID = 960)
  INSERT INTO dbo.DM_DichVu (DICHVU_ID, NHOMDICHVU_ID, MADICHVU, TENDICHVU, TENKHONGDAU, DONVITINH, CAP, CAPTREN_ID, TAMNGUNG, BHYT, THOIGIANTHUCHIEN) VALUES (960, 3, N'0094', N'Thắt trĩ có kèm bóc tách, cắt một bó trĩ', NULL, N'Lần', 1, NULL, N'0', N'1', NULL);
IF NOT EXISTS (SELECT 1 FROM dbo.DM_DichVu WHERE DICHVU_ID = 961)
  INSERT INTO dbo.DM_DichVu (DICHVU_ID, NHOMDICHVU_ID, MADICHVU, TENDICHVU, TENKHONGDAU, DONVITINH, CAP, CAPTREN_ID, TAMNGUNG, BHYT, THOIGIANTHUCHIEN) VALUES (961, 3, N'0095', N'Phẫu thuật trĩ nhồi máu nhỏ', NULL, N'Lần', 1, NULL, N'0', N'1', NULL);
IF NOT EXISTS (SELECT 1 FROM dbo.DM_DichVu WHERE DICHVU_ID = 962)
  INSERT INTO dbo.DM_DichVu (DICHVU_ID, NHOMDICHVU_ID, MADICHVU, TENDICHVU, TENKHONGDAU, DONVITINH, CAP, CAPTREN_ID, TAMNGUNG, BHYT, THOIGIANTHUCHIEN) VALUES (962, 3, N'0096', N'Cắt polype trực tràng', NULL, N'Lần', 1, NULL, N'0', N'1', NULL);
IF NOT EXISTS (SELECT 1 FROM dbo.DM_DichVu WHERE DICHVU_ID = 963)
  INSERT INTO dbo.DM_DichVu (DICHVU_ID, NHOMDICHVU_ID, MADICHVU, TENDICHVU, TENKHONGDAU, DONVITINH, CAP, CAPTREN_ID, TAMNGUNG, BHYT, THOIGIANTHUCHIEN) VALUES (963, 3, N'0097', N'Lấy máu tụ tầng sinh môn', NULL, N'Lần', 1, NULL, N'0', N'1', NULL);
IF NOT EXISTS (SELECT 1 FROM dbo.DM_DichVu WHERE DICHVU_ID = 964)
  INSERT INTO dbo.DM_DichVu (DICHVU_ID, NHOMDICHVU_ID, MADICHVU, TENDICHVU, TENKHONGDAU, DONVITINH, CAP, CAPTREN_ID, TAMNGUNG, BHYT, THOIGIANTHUCHIEN) VALUES (964, 3, N'0098', N'Chích áp xe tầng sinh môn', NULL, N'Lần', 1, NULL, N'0', N'1', NULL);
IF NOT EXISTS (SELECT 1 FROM dbo.DM_DichVu WHERE DICHVU_ID = 965)
  INSERT INTO dbo.DM_DichVu (DICHVU_ID, NHOMDICHVU_ID, MADICHVU, TENDICHVU, TENKHONGDAU, DONVITINH, CAP, CAPTREN_ID, TAMNGUNG, BHYT, THOIGIANTHUCHIEN) VALUES (965, 4, N'0099', N'Khâu vết thương phần mềm dài trên 10cm', NULL, N'Lần', 1, NULL, N'0', N'1', NULL);
IF NOT EXISTS (SELECT 1 FROM dbo.DM_DichVu WHERE DICHVU_ID = 966)
  INSERT INTO dbo.DM_DichVu (DICHVU_ID, NHOMDICHVU_ID, MADICHVU, TENDICHVU, TENKHONGDAU, DONVITINH, CAP, CAPTREN_ID, TAMNGUNG, BHYT, THOIGIANTHUCHIEN) VALUES (966, 4, N'0100', N'Thay băng, cắt chỉ vết mổ', NULL, N'Lần', 1, NULL, N'0', N'1', NULL);
IF NOT EXISTS (SELECT 1 FROM dbo.DM_DichVu WHERE DICHVU_ID = 967)
  INSERT INTO dbo.DM_DichVu (DICHVU_ID, NHOMDICHVU_ID, MADICHVU, TENDICHVU, TENKHONGDAU, DONVITINH, CAP, CAPTREN_ID, TAMNGUNG, BHYT, THOIGIANTHUCHIEN) VALUES (967, 4, N'0101', N'Thay băng, cắt chỉ vết mổ', NULL, N'Lần', 1, NULL, N'0', N'1', NULL);
IF NOT EXISTS (SELECT 1 FROM dbo.DM_DichVu WHERE DICHVU_ID = 968)
  INSERT INTO dbo.DM_DichVu (DICHVU_ID, NHOMDICHVU_ID, MADICHVU, TENDICHVU, TENKHONGDAU, DONVITINH, CAP, CAPTREN_ID, TAMNGUNG, BHYT, THOIGIANTHUCHIEN) VALUES (968, 4, N'0102', N'Thay băng, cắt chỉ vết mổ', NULL, N'Lần', 1, NULL, N'0', N'1', NULL);
IF NOT EXISTS (SELECT 1 FROM dbo.DM_DichVu WHERE DICHVU_ID = 969)
  INSERT INTO dbo.DM_DichVu (DICHVU_ID, NHOMDICHVU_ID, MADICHVU, TENDICHVU, TENKHONGDAU, DONVITINH, CAP, CAPTREN_ID, TAMNGUNG, BHYT, THOIGIANTHUCHIEN) VALUES (969, 4, N'0103', N'Thay băng, cắt chỉ vết mổ', NULL, N'Lần', 1, NULL, N'0', N'1', NULL);
IF NOT EXISTS (SELECT 1 FROM dbo.DM_DichVu WHERE DICHVU_ID = 970)
  INSERT INTO dbo.DM_DichVu (DICHVU_ID, NHOMDICHVU_ID, MADICHVU, TENDICHVU, TENKHONGDAU, DONVITINH, CAP, CAPTREN_ID, TAMNGUNG, BHYT, THOIGIANTHUCHIEN) VALUES (970, 4, N'0104', N'Thay băng, cắt chỉ vết mổ', NULL, N'Lần', 1, NULL, N'0', N'1', NULL);
IF NOT EXISTS (SELECT 1 FROM dbo.DM_DichVu WHERE DICHVU_ID = 971)
  INSERT INTO dbo.DM_DichVu (DICHVU_ID, NHOMDICHVU_ID, MADICHVU, TENDICHVU, TENKHONGDAU, DONVITINH, CAP, CAPTREN_ID, TAMNGUNG, BHYT, THOIGIANTHUCHIEN) VALUES (971, 4, N'0105', N'Thay băng, cắt chỉ vết mổ', NULL, N'Lần', 1, NULL, N'0', N'1', NULL);
IF NOT EXISTS (SELECT 1 FROM dbo.DM_DichVu WHERE DICHVU_ID = 972)
  INSERT INTO dbo.DM_DichVu (DICHVU_ID, NHOMDICHVU_ID, MADICHVU, TENDICHVU, TENKHONGDAU, DONVITINH, CAP, CAPTREN_ID, TAMNGUNG, BHYT, THOIGIANTHUCHIEN) VALUES (972, 4, N'0106', N'Thay băng, cắt chỉ vết mổ', NULL, N'Lần', 1, NULL, N'0', N'1', NULL);
IF NOT EXISTS (SELECT 1 FROM dbo.DM_DichVu WHERE DICHVU_ID = 973)
  INSERT INTO dbo.DM_DichVu (DICHVU_ID, NHOMDICHVU_ID, MADICHVU, TENDICHVU, TENKHONGDAU, DONVITINH, CAP, CAPTREN_ID, TAMNGUNG, BHYT, THOIGIANTHUCHIEN) VALUES (973, 4, N'0107', N'Khâu vết thương phần mềm dài dưới 10cm', NULL, N'Lần', 1, NULL, N'0', N'1', NULL);
IF NOT EXISTS (SELECT 1 FROM dbo.DM_DichVu WHERE DICHVU_ID = 974)
  INSERT INTO dbo.DM_DichVu (DICHVU_ID, NHOMDICHVU_ID, MADICHVU, TENDICHVU, TENKHONGDAU, DONVITINH, CAP, CAPTREN_ID, TAMNGUNG, BHYT, THOIGIANTHUCHIEN) VALUES (974, 4, N'0108', N'Chích rạch áp xe nhỏ', NULL, N'Lần', 1, NULL, N'0', N'1', NULL);
IF NOT EXISTS (SELECT 1 FROM dbo.DM_DichVu WHERE DICHVU_ID = 975)
  INSERT INTO dbo.DM_DichVu (DICHVU_ID, NHOMDICHVU_ID, MADICHVU, TENDICHVU, TENKHONGDAU, DONVITINH, CAP, CAPTREN_ID, TAMNGUNG, BHYT, THOIGIANTHUCHIEN) VALUES (975, 4, N'0109', N'Chích hạch viêm mủ', NULL, N'Lần', 1, NULL, N'0', N'1', NULL);
IF NOT EXISTS (SELECT 1 FROM dbo.DM_DichVu WHERE DICHVU_ID = 976)
  INSERT INTO dbo.DM_DichVu (DICHVU_ID, NHOMDICHVU_ID, MADICHVU, TENDICHVU, TENKHONGDAU, DONVITINH, CAP, CAPTREN_ID, TAMNGUNG, BHYT, THOIGIANTHUCHIEN) VALUES (976, 4, N'0110', N'Đắp mặt nạ điều trị một số bệnh da', NULL, N'Lần', 1, NULL, N'0', N'1', NULL);
IF NOT EXISTS (SELECT 1 FROM dbo.DM_DichVu WHERE DICHVU_ID = 978)
  INSERT INTO dbo.DM_DichVu (DICHVU_ID, NHOMDICHVU_ID, MADICHVU, TENDICHVU, TENKHONGDAU, DONVITINH, CAP, CAPTREN_ID, TAMNGUNG, BHYT, THOIGIANTHUCHIEN) VALUES (978, 4, N'0112', N'Thay băng trên người bệnh đái tháo đường', NULL, N'Lần', 1, NULL, N'0', N'1', NULL);
IF NOT EXISTS (SELECT 1 FROM dbo.DM_DichVu WHERE DICHVU_ID = 979)
  INSERT INTO dbo.DM_DichVu (DICHVU_ID, NHOMDICHVU_ID, MADICHVU, TENDICHVU, TENKHONGDAU, DONVITINH, CAP, CAPTREN_ID, TAMNGUNG, BHYT, THOIGIANTHUCHIEN) VALUES (979, 4, N'0113', N'Mai hoa châm', NULL, N'Lần', 1, NULL, N'0', N'1', NULL);
IF NOT EXISTS (SELECT 1 FROM dbo.DM_DichVu WHERE DICHVU_ID = 980)
  INSERT INTO dbo.DM_DichVu (DICHVU_ID, NHOMDICHVU_ID, MADICHVU, TENDICHVU, TENKHONGDAU, DONVITINH, CAP, CAPTREN_ID, TAMNGUNG, BHYT, THOIGIANTHUCHIEN) VALUES (980, 4, N'0114', N'Hào châm', NULL, N'Lần', 1, NULL, N'0', N'1', NULL);
IF NOT EXISTS (SELECT 1 FROM dbo.DM_DichVu WHERE DICHVU_ID = 982)
  INSERT INTO dbo.DM_DichVu (DICHVU_ID, NHOMDICHVU_ID, MADICHVU, TENDICHVU, TENKHONGDAU, DONVITINH, CAP, CAPTREN_ID, TAMNGUNG, BHYT, THOIGIANTHUCHIEN) VALUES (982, 4, N'0116', N'Nhĩ châm', NULL, N'Lần', 1, NULL, N'0', N'1', NULL);
IF NOT EXISTS (SELECT 1 FROM dbo.DM_DichVu WHERE DICHVU_ID = 983)
  INSERT INTO dbo.DM_DichVu (DICHVU_ID, NHOMDICHVU_ID, MADICHVU, TENDICHVU, TENKHONGDAU, DONVITINH, CAP, CAPTREN_ID, TAMNGUNG, BHYT, THOIGIANTHUCHIEN) VALUES (983, 4, N'0117', N'Điện châm (Kim ngắn)', NULL, N'Lần', 1, NULL, N'0', N'1', NULL);
IF NOT EXISTS (SELECT 1 FROM dbo.DM_DichVu WHERE DICHVU_ID = 984)
  INSERT INTO dbo.DM_DichVu (DICHVU_ID, NHOMDICHVU_ID, MADICHVU, TENDICHVU, TENKHONGDAU, DONVITINH, CAP, CAPTREN_ID, TAMNGUNG, BHYT, THOIGIANTHUCHIEN) VALUES (984, 4, N'0118', N'Thủy châm', NULL, N'Lần', 1, NULL, N'0', N'1', NULL);
IF NOT EXISTS (SELECT 1 FROM dbo.DM_DichVu WHERE DICHVU_ID = 985)
  INSERT INTO dbo.DM_DichVu (DICHVU_ID, NHOMDICHVU_ID, MADICHVU, TENDICHVU, TENKHONGDAU, DONVITINH, CAP, CAPTREN_ID, TAMNGUNG, BHYT, THOIGIANTHUCHIEN) VALUES (985, 4, N'0119', N'Cấy chỉ', NULL, N'Lần', 1, NULL, N'0', N'1', NULL);
IF NOT EXISTS (SELECT 1 FROM dbo.DM_DichVu WHERE DICHVU_ID = 986)
  INSERT INTO dbo.DM_DichVu (DICHVU_ID, NHOMDICHVU_ID, MADICHVU, TENDICHVU, TENKHONGDAU, DONVITINH, CAP, CAPTREN_ID, TAMNGUNG, BHYT, THOIGIANTHUCHIEN) VALUES (986, 4, N'0120', N'Ôn châm', NULL, N'Lần', 1, NULL, N'0', N'1', NULL);
IF NOT EXISTS (SELECT 1 FROM dbo.DM_DichVu WHERE DICHVU_ID = 987)
  INSERT INTO dbo.DM_DichVu (DICHVU_ID, NHOMDICHVU_ID, MADICHVU, TENDICHVU, TENKHONGDAU, DONVITINH, CAP, CAPTREN_ID, TAMNGUNG, BHYT, THOIGIANTHUCHIEN) VALUES (987, 4, N'0121', N'Cứu', NULL, N'Lần', 1, NULL, N'0', N'1', NULL);
IF NOT EXISTS (SELECT 1 FROM dbo.DM_DichVu WHERE DICHVU_ID = 988)
  INSERT INTO dbo.DM_DichVu (DICHVU_ID, NHOMDICHVU_ID, MADICHVU, TENDICHVU, TENKHONGDAU, DONVITINH, CAP, CAPTREN_ID, TAMNGUNG, BHYT, THOIGIANTHUCHIEN) VALUES (988, 4, N'0122', N'Kéo nắn cột sống cổ', NULL, N'Lần', 1, NULL, N'0', N'1', NULL);
IF NOT EXISTS (SELECT 1 FROM dbo.DM_DichVu WHERE DICHVU_ID = 989)
  INSERT INTO dbo.DM_DichVu (DICHVU_ID, NHOMDICHVU_ID, MADICHVU, TENDICHVU, TENKHONGDAU, DONVITINH, CAP, CAPTREN_ID, TAMNGUNG, BHYT, THOIGIANTHUCHIEN) VALUES (989, 4, N'0123', N'Kéo nắn cột sống thắt lưng', NULL, N'Lần', 1, NULL, N'0', N'1', NULL);
IF NOT EXISTS (SELECT 1 FROM dbo.DM_DichVu WHERE DICHVU_ID = 990)
  INSERT INTO dbo.DM_DichVu (DICHVU_ID, NHOMDICHVU_ID, MADICHVU, TENDICHVU, TENKHONGDAU, DONVITINH, CAP, CAPTREN_ID, TAMNGUNG, BHYT, THOIGIANTHUCHIEN) VALUES (990, 4, N'0124', N'Xông hơi thuốc', NULL, N'Lần', 1, NULL, N'0', N'1', NULL);
IF NOT EXISTS (SELECT 1 FROM dbo.DM_DichVu WHERE DICHVU_ID = 991)
  INSERT INTO dbo.DM_DichVu (DICHVU_ID, NHOMDICHVU_ID, MADICHVU, TENDICHVU, TENKHONGDAU, DONVITINH, CAP, CAPTREN_ID, TAMNGUNG, BHYT, THOIGIANTHUCHIEN) VALUES (991, 4, N'0125', N'Sắc thuốc thang', NULL, N'Lần', 1, NULL, N'0', N'1', NULL);
IF NOT EXISTS (SELECT 1 FROM dbo.DM_DichVu WHERE DICHVU_ID = 992)
  INSERT INTO dbo.DM_DichVu (DICHVU_ID, NHOMDICHVU_ID, MADICHVU, TENDICHVU, TENKHONGDAU, DONVITINH, CAP, CAPTREN_ID, TAMNGUNG, BHYT, THOIGIANTHUCHIEN) VALUES (992, 4, N'0126', N'Ngâm thuốc YHCT toàn thân', NULL, N'Lần', 1, NULL, N'0', N'1', NULL);
IF NOT EXISTS (SELECT 1 FROM dbo.DM_DichVu WHERE DICHVU_ID = 993)
  INSERT INTO dbo.DM_DichVu (DICHVU_ID, NHOMDICHVU_ID, MADICHVU, TENDICHVU, TENKHONGDAU, DONVITINH, CAP, CAPTREN_ID, TAMNGUNG, BHYT, THOIGIANTHUCHIEN) VALUES (993, 4, N'0127', N'Ngâm thuốc YHCT bộ phận', NULL, N'Lần', 1, NULL, N'0', N'1', NULL);
IF NOT EXISTS (SELECT 1 FROM dbo.DM_DichVu WHERE DICHVU_ID = 994)
  INSERT INTO dbo.DM_DichVu (DICHVU_ID, NHOMDICHVU_ID, MADICHVU, TENDICHVU, TENKHONGDAU, DONVITINH, CAP, CAPTREN_ID, TAMNGUNG, BHYT, THOIGIANTHUCHIEN) VALUES (994, 4, N'0128', N'Đặt thuốc YHCT', NULL, N'Lần', 1, NULL, N'0', N'1', NULL);
IF NOT EXISTS (SELECT 1 FROM dbo.DM_DichVu WHERE DICHVU_ID = 995)
  INSERT INTO dbo.DM_DichVu (DICHVU_ID, NHOMDICHVU_ID, MADICHVU, TENDICHVU, TENKHONGDAU, DONVITINH, CAP, CAPTREN_ID, TAMNGUNG, BHYT, THOIGIANTHUCHIEN) VALUES (995, 4, N'0129', N'Bó thuốc', NULL, N'Lần', 1, NULL, N'0', N'1', NULL);
IF NOT EXISTS (SELECT 1 FROM dbo.DM_DichVu WHERE DICHVU_ID = 996)
  INSERT INTO dbo.DM_DichVu (DICHVU_ID, NHOMDICHVU_ID, MADICHVU, TENDICHVU, TENKHONGDAU, DONVITINH, CAP, CAPTREN_ID, TAMNGUNG, BHYT, THOIGIANTHUCHIEN) VALUES (996, 4, N'0130', N'Chườm ngải', NULL, N'Lần', 1, NULL, N'0', N'1', NULL);
IF NOT EXISTS (SELECT 1 FROM dbo.DM_DichVu WHERE DICHVU_ID = 997)
  INSERT INTO dbo.DM_DichVu (DICHVU_ID, NHOMDICHVU_ID, MADICHVU, TENDICHVU, TENKHONGDAU, DONVITINH, CAP, CAPTREN_ID, TAMNGUNG, BHYT, THOIGIANTHUCHIEN) VALUES (997, 4, N'0131', N'Luyện tập dưỡng sinh', NULL, N'Lần', 1, NULL, N'0', N'0', NULL);
IF NOT EXISTS (SELECT 1 FROM dbo.DM_DichVu WHERE DICHVU_ID = 998)
  INSERT INTO dbo.DM_DichVu (DICHVU_ID, NHOMDICHVU_ID, MADICHVU, TENDICHVU, TENKHONGDAU, DONVITINH, CAP, CAPTREN_ID, TAMNGUNG, BHYT, THOIGIANTHUCHIEN) VALUES (998, 4, N'0132', N'Xoa bóp bấm huyệt điều trị liệt chi trên', NULL, N'Lần', 1, NULL, N'0', N'1', NULL);
IF NOT EXISTS (SELECT 1 FROM dbo.DM_DichVu WHERE DICHVU_ID = 999)
  INSERT INTO dbo.DM_DichVu (DICHVU_ID, NHOMDICHVU_ID, MADICHVU, TENDICHVU, TENKHONGDAU, DONVITINH, CAP, CAPTREN_ID, TAMNGUNG, BHYT, THOIGIANTHUCHIEN) VALUES (999, 4, N'0133', N'Xoa bóp bấm huyệt điều trị liệt chi dưới', NULL, N'Lần', 1, NULL, N'0', N'1', NULL);
IF NOT EXISTS (SELECT 1 FROM dbo.DM_DichVu WHERE DICHVU_ID = 1000)
  INSERT INTO dbo.DM_DichVu (DICHVU_ID, NHOMDICHVU_ID, MADICHVU, TENDICHVU, TENKHONGDAU, DONVITINH, CAP, CAPTREN_ID, TAMNGUNG, BHYT, THOIGIANTHUCHIEN) VALUES (1000, 4, N'0134', N'Xoa bóp bấm huyệt điều trị liệt nửa người do tai biến mạch máu não', NULL, N'Lần', 1, NULL, N'0', N'1', NULL);
IF NOT EXISTS (SELECT 1 FROM dbo.DM_DichVu WHERE DICHVU_ID = 1001)
  INSERT INTO dbo.DM_DichVu (DICHVU_ID, NHOMDICHVU_ID, MADICHVU, TENDICHVU, TENKHONGDAU, DONVITINH, CAP, CAPTREN_ID, TAMNGUNG, BHYT, THOIGIANTHUCHIEN) VALUES (1001, 4, N'0135', N'Xoa bóp bấm huyệt điều trị hội chứng thắt lưng- hông', NULL, N'Lần', 1, NULL, N'0', N'1', NULL);
IF NOT EXISTS (SELECT 1 FROM dbo.DM_DichVu WHERE DICHVU_ID = 1002)
  INSERT INTO dbo.DM_DichVu (DICHVU_ID, NHOMDICHVU_ID, MADICHVU, TENDICHVU, TENKHONGDAU, DONVITINH, CAP, CAPTREN_ID, TAMNGUNG, BHYT, THOIGIANTHUCHIEN) VALUES (1002, 4, N'0136', N'Xoa bóp bấm huyệt điều trị liệt do viêm não', NULL, N'Lần', 1, NULL, N'0', N'1', NULL);
IF NOT EXISTS (SELECT 1 FROM dbo.DM_DichVu WHERE DICHVU_ID = 1003)
  INSERT INTO dbo.DM_DichVu (DICHVU_ID, NHOMDICHVU_ID, MADICHVU, TENDICHVU, TENKHONGDAU, DONVITINH, CAP, CAPTREN_ID, TAMNGUNG, BHYT, THOIGIANTHUCHIEN) VALUES (1003, 4, N'0137', N'Xoa bóp bấm huyệt điều trị chậm phát triển trí tuệ ở trẻ bại não', NULL, N'Lần', 1, NULL, N'0', N'1', NULL);
IF NOT EXISTS (SELECT 1 FROM dbo.DM_DichVu WHERE DICHVU_ID = 1004)
  INSERT INTO dbo.DM_DichVu (DICHVU_ID, NHOMDICHVU_ID, MADICHVU, TENDICHVU, TENKHONGDAU, DONVITINH, CAP, CAPTREN_ID, TAMNGUNG, BHYT, THOIGIANTHUCHIEN) VALUES (1004, 4, N'0138', N'Xoa bóp bấm huyệt phục hồi chức năng vận động ở trẻ bại não', NULL, N'Lần', 1, NULL, N'0', N'1', NULL);
IF NOT EXISTS (SELECT 1 FROM dbo.DM_DichVu WHERE DICHVU_ID = 1005)
  INSERT INTO dbo.DM_DichVu (DICHVU_ID, NHOMDICHVU_ID, MADICHVU, TENDICHVU, TENKHONGDAU, DONVITINH, CAP, CAPTREN_ID, TAMNGUNG, BHYT, THOIGIANTHUCHIEN) VALUES (1005, 4, N'0139', N'Xoa bóp bấm huyệt điều trị cứng khớp chi trên', NULL, N'Lần', 1, NULL, N'0', N'1', NULL);
IF NOT EXISTS (SELECT 1 FROM dbo.DM_DichVu WHERE DICHVU_ID = 1006)
  INSERT INTO dbo.DM_DichVu (DICHVU_ID, NHOMDICHVU_ID, MADICHVU, TENDICHVU, TENKHONGDAU, DONVITINH, CAP, CAPTREN_ID, TAMNGUNG, BHYT, THOIGIANTHUCHIEN) VALUES (1006, 4, N'0140', N'Xoa bóp bấm huyệt điều trị cứng khớp chi dưới', NULL, N'Lần', 1, NULL, N'0', N'1', NULL);
IF NOT EXISTS (SELECT 1 FROM dbo.DM_DichVu WHERE DICHVU_ID = 1007)
  INSERT INTO dbo.DM_DichVu (DICHVU_ID, NHOMDICHVU_ID, MADICHVU, TENDICHVU, TENKHONGDAU, DONVITINH, CAP, CAPTREN_ID, TAMNGUNG, BHYT, THOIGIANTHUCHIEN) VALUES (1007, 4, N'0141', N'Xoa bóp bấm huyệt điều trị choáng, ngất', NULL, N'Lần', 1, NULL, N'0', N'1', NULL);
IF NOT EXISTS (SELECT 1 FROM dbo.DM_DichVu WHERE DICHVU_ID = 1008)
  INSERT INTO dbo.DM_DichVu (DICHVU_ID, NHOMDICHVU_ID, MADICHVU, TENDICHVU, TENKHONGDAU, DONVITINH, CAP, CAPTREN_ID, TAMNGUNG, BHYT, THOIGIANTHUCHIEN) VALUES (1008, 4, N'0142', N'Xoa bóp bấm huyệt điều trị bệnh tự kỷ ở trẻ em', NULL, N'Lần', 1, NULL, N'0', N'1', NULL);
IF NOT EXISTS (SELECT 1 FROM dbo.DM_DichVu WHERE DICHVU_ID = 1009)
  INSERT INTO dbo.DM_DichVu (DICHVU_ID, NHOMDICHVU_ID, MADICHVU, TENDICHVU, TENKHONGDAU, DONVITINH, CAP, CAPTREN_ID, TAMNGUNG, BHYT, THOIGIANTHUCHIEN) VALUES (1009, 4, N'0143', N'Xoa bóp bấm huyệt điều trị chứng ù tai', NULL, N'Lần', 1, NULL, N'0', N'1', NULL);
IF NOT EXISTS (SELECT 1 FROM dbo.DM_DichVu WHERE DICHVU_ID = 1010)
  INSERT INTO dbo.DM_DichVu (DICHVU_ID, NHOMDICHVU_ID, MADICHVU, TENDICHVU, TENKHONGDAU, DONVITINH, CAP, CAPTREN_ID, TAMNGUNG, BHYT, THOIGIANTHUCHIEN) VALUES (1010, 4, N'0144', N'Xoa bóp bấm huyệt điều trị giảm khứu giác', NULL, N'Lần', 1, NULL, N'0', N'1', NULL);
IF NOT EXISTS (SELECT 1 FROM dbo.DM_DichVu WHERE DICHVU_ID = 1011)
  INSERT INTO dbo.DM_DichVu (DICHVU_ID, NHOMDICHVU_ID, MADICHVU, TENDICHVU, TENKHONGDAU, DONVITINH, CAP, CAPTREN_ID, TAMNGUNG, BHYT, THOIGIANTHUCHIEN) VALUES (1011, 4, N'0145', N'Xoa bóp bấm huyệt điều trị liệt do bệnh của cơ', NULL, N'Lần', 1, NULL, N'0', N'1', NULL);
IF NOT EXISTS (SELECT 1 FROM dbo.DM_DichVu WHERE DICHVU_ID = 1012)
  INSERT INTO dbo.DM_DichVu (DICHVU_ID, NHOMDICHVU_ID, MADICHVU, TENDICHVU, TENKHONGDAU, DONVITINH, CAP, CAPTREN_ID, TAMNGUNG, BHYT, THOIGIANTHUCHIEN) VALUES (1012, 4, N'0146', N'Xoa bóp bấm huyệt điều trị tâm căn suy nhược', NULL, N'Lần', 1, NULL, N'0', N'1', NULL);
IF NOT EXISTS (SELECT 1 FROM dbo.DM_DichVu WHERE DICHVU_ID = 1013)
  INSERT INTO dbo.DM_DichVu (DICHVU_ID, NHOMDICHVU_ID, MADICHVU, TENDICHVU, TENKHONGDAU, DONVITINH, CAP, CAPTREN_ID, TAMNGUNG, BHYT, THOIGIANTHUCHIEN) VALUES (1013, 4, N'0147', N'Xoa bóp bấm huyệt điều trị hội chứng ngoại tháp', NULL, N'Lần', 1, NULL, N'0', N'1', NULL);
IF NOT EXISTS (SELECT 1 FROM dbo.DM_DichVu WHERE DICHVU_ID = 1014)
  INSERT INTO dbo.DM_DichVu (DICHVU_ID, NHOMDICHVU_ID, MADICHVU, TENDICHVU, TENKHONGDAU, DONVITINH, CAP, CAPTREN_ID, TAMNGUNG, BHYT, THOIGIANTHUCHIEN) VALUES (1014, 4, N'0148', N'Xoa bóp bấm huyệt điều trị đau đầu, đau nửa đầu', NULL, N'Lần', 1, NULL, N'0', N'1', NULL);
IF NOT EXISTS (SELECT 1 FROM dbo.DM_DichVu WHERE DICHVU_ID = 1015)
  INSERT INTO dbo.DM_DichVu (DICHVU_ID, NHOMDICHVU_ID, MADICHVU, TENDICHVU, TENKHONGDAU, DONVITINH, CAP, CAPTREN_ID, TAMNGUNG, BHYT, THOIGIANTHUCHIEN) VALUES (1015, 4, N'0149', N'Xoa bóp bấm huyệt điều trị mất ngủ', NULL, N'Lần', 1, NULL, N'0', N'1', NULL);
IF NOT EXISTS (SELECT 1 FROM dbo.DM_DichVu WHERE DICHVU_ID = 1016)
  INSERT INTO dbo.DM_DichVu (DICHVU_ID, NHOMDICHVU_ID, MADICHVU, TENDICHVU, TENKHONGDAU, DONVITINH, CAP, CAPTREN_ID, TAMNGUNG, BHYT, THOIGIANTHUCHIEN) VALUES (1016, 4, N'0150', N'Xoa bóp bấm huyệt điều trị hội chứng stress', NULL, N'Lần', 1, NULL, N'0', N'1', NULL);
IF NOT EXISTS (SELECT 1 FROM dbo.DM_DichVu WHERE DICHVU_ID = 1017)
  INSERT INTO dbo.DM_DichVu (DICHVU_ID, NHOMDICHVU_ID, MADICHVU, TENDICHVU, TENKHONGDAU, DONVITINH, CAP, CAPTREN_ID, TAMNGUNG, BHYT, THOIGIANTHUCHIEN) VALUES (1017, 4, N'0151', N'Xoa bóp bấm huyệt điều trị thiểu năng tuần hoàn não mạn tính', NULL, N'Lần', 1, NULL, N'0', N'1', NULL);
IF NOT EXISTS (SELECT 1 FROM dbo.DM_DichVu WHERE DICHVU_ID = 1018)
  INSERT INTO dbo.DM_DichVu (DICHVU_ID, NHOMDICHVU_ID, MADICHVU, TENDICHVU, TENKHONGDAU, DONVITINH, CAP, CAPTREN_ID, TAMNGUNG, BHYT, THOIGIANTHUCHIEN) VALUES (1018, 4, N'0152', N'Xoa bóp bấm huyệt điều trị tổn thương rễ, đám rối và dây thần kinh', NULL, N'Lần', 1, NULL, N'0', N'1', NULL);
IF NOT EXISTS (SELECT 1 FROM dbo.DM_DichVu WHERE DICHVU_ID = 1019)
  INSERT INTO dbo.DM_DichVu (DICHVU_ID, NHOMDICHVU_ID, MADICHVU, TENDICHVU, TENKHONGDAU, DONVITINH, CAP, CAPTREN_ID, TAMNGUNG, BHYT, THOIGIANTHUCHIEN) VALUES (1019, 4, N'0153', N'Xoa bóp bấm huyệt điều trị tổn thương dây thần kinh V', NULL, N'Lần', 1, NULL, N'0', N'1', NULL);
IF NOT EXISTS (SELECT 1 FROM dbo.DM_DichVu WHERE DICHVU_ID = 1020)
  INSERT INTO dbo.DM_DichVu (DICHVU_ID, NHOMDICHVU_ID, MADICHVU, TENDICHVU, TENKHONGDAU, DONVITINH, CAP, CAPTREN_ID, TAMNGUNG, BHYT, THOIGIANTHUCHIEN) VALUES (1020, 4, N'0154', N'Xoa bóp bấm huyệt điều trị liệt dây thần kinh số VII ngoại biên', NULL, N'Lần', 1, NULL, N'0', N'1', NULL);
IF NOT EXISTS (SELECT 1 FROM dbo.DM_DichVu WHERE DICHVU_ID = 1021)
  INSERT INTO dbo.DM_DichVu (DICHVU_ID, NHOMDICHVU_ID, MADICHVU, TENDICHVU, TENKHONGDAU, DONVITINH, CAP, CAPTREN_ID, TAMNGUNG, BHYT, THOIGIANTHUCHIEN) VALUES (1021, 4, N'0155', N'Xoa bóp bấm huyệt điều trị sụp mi', NULL, N'Lần', 1, NULL, N'0', N'1', NULL);
IF NOT EXISTS (SELECT 1 FROM dbo.DM_DichVu WHERE DICHVU_ID = 1022)
  INSERT INTO dbo.DM_DichVu (DICHVU_ID, NHOMDICHVU_ID, MADICHVU, TENDICHVU, TENKHONGDAU, DONVITINH, CAP, CAPTREN_ID, TAMNGUNG, BHYT, THOIGIANTHUCHIEN) VALUES (1022, 4, N'0156', N'Xoa bóp bấm huyệt điều trị viêm thần kinh thị giác sau giai đoạn cấp', NULL, N'Lần', 1, NULL, N'0', N'1', NULL);
IF NOT EXISTS (SELECT 1 FROM dbo.DM_DichVu WHERE DICHVU_ID = 1023)
  INSERT INTO dbo.DM_DichVu (DICHVU_ID, NHOMDICHVU_ID, MADICHVU, TENDICHVU, TENKHONGDAU, DONVITINH, CAP, CAPTREN_ID, TAMNGUNG, BHYT, THOIGIANTHUCHIEN) VALUES (1023, 4, N'0157', N'Xoa bóp bấm huyệt điều trị lác cơ năng', NULL, N'Lần', 1, NULL, N'0', N'1', NULL);
IF NOT EXISTS (SELECT 1 FROM dbo.DM_DichVu WHERE DICHVU_ID = 1024)
  INSERT INTO dbo.DM_DichVu (DICHVU_ID, NHOMDICHVU_ID, MADICHVU, TENDICHVU, TENKHONGDAU, DONVITINH, CAP, CAPTREN_ID, TAMNGUNG, BHYT, THOIGIANTHUCHIEN) VALUES (1024, 4, N'0158', N'Xoa bóp bấm huyệt điều trị giảm thị lực', NULL, N'Lần', 1, NULL, N'0', N'1', NULL);
IF NOT EXISTS (SELECT 1 FROM dbo.DM_DichVu WHERE DICHVU_ID = 1025)
  INSERT INTO dbo.DM_DichVu (DICHVU_ID, NHOMDICHVU_ID, MADICHVU, TENDICHVU, TENKHONGDAU, DONVITINH, CAP, CAPTREN_ID, TAMNGUNG, BHYT, THOIGIANTHUCHIEN) VALUES (1025, 4, N'0159', N'Xoa bóp bấm huyệt điều trị hội chứng tiền đình', NULL, N'Lần', 1, NULL, N'0', N'1', NULL);
IF NOT EXISTS (SELECT 1 FROM dbo.DM_DichVu WHERE DICHVU_ID = 1026)
  INSERT INTO dbo.DM_DichVu (DICHVU_ID, NHOMDICHVU_ID, MADICHVU, TENDICHVU, TENKHONGDAU, DONVITINH, CAP, CAPTREN_ID, TAMNGUNG, BHYT, THOIGIANTHUCHIEN) VALUES (1026, 4, N'0160', N'Xoa bóp bấm huyệt điều trị giảm thính lực', NULL, N'Lần', 1, NULL, N'0', N'1', NULL);
IF NOT EXISTS (SELECT 1 FROM dbo.DM_DichVu WHERE DICHVU_ID = 1027)
  INSERT INTO dbo.DM_DichVu (DICHVU_ID, NHOMDICHVU_ID, MADICHVU, TENDICHVU, TENKHONGDAU, DONVITINH, CAP, CAPTREN_ID, TAMNGUNG, BHYT, THOIGIANTHUCHIEN) VALUES (1027, 4, N'0161', N'Xoa bóp bấm huyệt điều trị viêm mũi xoang', NULL, N'Lần', 1, NULL, N'0', N'1', NULL);
IF NOT EXISTS (SELECT 1 FROM dbo.DM_DichVu WHERE DICHVU_ID = 1028)
  INSERT INTO dbo.DM_DichVu (DICHVU_ID, NHOMDICHVU_ID, MADICHVU, TENDICHVU, TENKHONGDAU, DONVITINH, CAP, CAPTREN_ID, TAMNGUNG, BHYT, THOIGIANTHUCHIEN) VALUES (1028, 4, N'0162', N'Xoa bóp bấm huyệt điều trị hen phế quản', NULL, N'Lần', 1, NULL, N'0', N'1', NULL);
IF NOT EXISTS (SELECT 1 FROM dbo.DM_DichVu WHERE DICHVU_ID = 1029)
  INSERT INTO dbo.DM_DichVu (DICHVU_ID, NHOMDICHVU_ID, MADICHVU, TENDICHVU, TENKHONGDAU, DONVITINH, CAP, CAPTREN_ID, TAMNGUNG, BHYT, THOIGIANTHUCHIEN) VALUES (1029, 4, N'0163', N'Xoa bóp bấm huyệt hỗ trợ điều trị tăng huyết áp', NULL, N'Lần', 1, NULL, N'0', N'1', NULL);
IF NOT EXISTS (SELECT 1 FROM dbo.DM_DichVu WHERE DICHVU_ID = 1030)
  INSERT INTO dbo.DM_DichVu (DICHVU_ID, NHOMDICHVU_ID, MADICHVU, TENDICHVU, TENKHONGDAU, DONVITINH, CAP, CAPTREN_ID, TAMNGUNG, BHYT, THOIGIANTHUCHIEN) VALUES (1030, 4, N'0164', N'Xoa bóp bấm huyệt điều trị huyết áp thấp', NULL, N'Lần', 1, NULL, N'0', N'1', NULL);
IF NOT EXISTS (SELECT 1 FROM dbo.DM_DichVu WHERE DICHVU_ID = 1031)
  INSERT INTO dbo.DM_DichVu (DICHVU_ID, NHOMDICHVU_ID, MADICHVU, TENDICHVU, TENKHONGDAU, DONVITINH, CAP, CAPTREN_ID, TAMNGUNG, BHYT, THOIGIANTHUCHIEN) VALUES (1031, 4, N'0165', N'Xoa bóp bấm huyệt điều trị đau thần kinh liên sườn', NULL, N'Lần', 1, NULL, N'0', N'1', NULL);
IF NOT EXISTS (SELECT 1 FROM dbo.DM_DichVu WHERE DICHVU_ID = 1032)
  INSERT INTO dbo.DM_DichVu (DICHVU_ID, NHOMDICHVU_ID, MADICHVU, TENDICHVU, TENKHONGDAU, DONVITINH, CAP, CAPTREN_ID, TAMNGUNG, BHYT, THOIGIANTHUCHIEN) VALUES (1032, 4, N'0166', N'Xoa bóp bấm huyệt điều trị hội chứng dạ dày- tá tràng', NULL, N'Lần', 1, NULL, N'0', N'1', NULL);
IF NOT EXISTS (SELECT 1 FROM dbo.DM_DichVu WHERE DICHVU_ID = 1033)
  INSERT INTO dbo.DM_DichVu (DICHVU_ID, NHOMDICHVU_ID, MADICHVU, TENDICHVU, TENKHONGDAU, DONVITINH, CAP, CAPTREN_ID, TAMNGUNG, BHYT, THOIGIANTHUCHIEN) VALUES (1033, 4, N'0167', N'Xoa búp bấm huyệt điều trị nấc', NULL, N'Lần', 1, NULL, N'0', N'1', NULL);
IF NOT EXISTS (SELECT 1 FROM dbo.DM_DichVu WHERE DICHVU_ID = 1034)
  INSERT INTO dbo.DM_DichVu (DICHVU_ID, NHOMDICHVU_ID, MADICHVU, TENDICHVU, TENKHONGDAU, DONVITINH, CAP, CAPTREN_ID, TAMNGUNG, BHYT, THOIGIANTHUCHIEN) VALUES (1034, 4, N'0168', N'Xoa bóp bấm huyệt điều trị viêm khớp dạng thấp', NULL, N'Lần', 1, NULL, N'0', N'1', NULL);
IF NOT EXISTS (SELECT 1 FROM dbo.DM_DichVu WHERE DICHVU_ID = 1035)
  INSERT INTO dbo.DM_DichVu (DICHVU_ID, NHOMDICHVU_ID, MADICHVU, TENDICHVU, TENKHONGDAU, DONVITINH, CAP, CAPTREN_ID, TAMNGUNG, BHYT, THOIGIANTHUCHIEN) VALUES (1035, 4, N'0169', N'Xoa bóp bấm huyệt điều trị đau do thoái hóa khớp', NULL, N'Lần', 1, NULL, N'0', N'1', NULL);
IF NOT EXISTS (SELECT 1 FROM dbo.DM_DichVu WHERE DICHVU_ID = 1036)
  INSERT INTO dbo.DM_DichVu (DICHVU_ID, NHOMDICHVU_ID, MADICHVU, TENDICHVU, TENKHONGDAU, DONVITINH, CAP, CAPTREN_ID, TAMNGUNG, BHYT, THOIGIANTHUCHIEN) VALUES (1036, 4, N'0170', N'Xoa bóp bấm huyệt điều trị đau lưng', NULL, N'Lần', 1, NULL, N'0', N'1', NULL);
IF NOT EXISTS (SELECT 1 FROM dbo.DM_DichVu WHERE DICHVU_ID = 1037)
  INSERT INTO dbo.DM_DichVu (DICHVU_ID, NHOMDICHVU_ID, MADICHVU, TENDICHVU, TENKHONGDAU, DONVITINH, CAP, CAPTREN_ID, TAMNGUNG, BHYT, THOIGIANTHUCHIEN) VALUES (1037, 4, N'0171', N'Xoa bóp bấm huyệt điều trị viêm quanh khớp vai', NULL, N'Lần', 1, NULL, N'0', N'1', NULL);
IF NOT EXISTS (SELECT 1 FROM dbo.DM_DichVu WHERE DICHVU_ID = 1038)
  INSERT INTO dbo.DM_DichVu (DICHVU_ID, NHOMDICHVU_ID, MADICHVU, TENDICHVU, TENKHONGDAU, DONVITINH, CAP, CAPTREN_ID, TAMNGUNG, BHYT, THOIGIANTHUCHIEN) VALUES (1038, 4, N'0172', N'Xoa bóp bấm huyệt điều trị hội chứng vai gáy', NULL, N'Lần', 1, NULL, N'0', N'1', NULL);
IF NOT EXISTS (SELECT 1 FROM dbo.DM_DichVu WHERE DICHVU_ID = 1039)
  INSERT INTO dbo.DM_DichVu (DICHVU_ID, NHOMDICHVU_ID, MADICHVU, TENDICHVU, TENKHONGDAU, DONVITINH, CAP, CAPTREN_ID, TAMNGUNG, BHYT, THOIGIANTHUCHIEN) VALUES (1039, 4, N'0173', N'Xoa bóp bấm huyệt điều trị chứng tic cơ mặt', NULL, N'Lần', 1, NULL, N'0', N'1', NULL);
IF NOT EXISTS (SELECT 1 FROM dbo.DM_DichVu WHERE DICHVU_ID = 1040)
  INSERT INTO dbo.DM_DichVu (DICHVU_ID, NHOMDICHVU_ID, MADICHVU, TENDICHVU, TENKHONGDAU, DONVITINH, CAP, CAPTREN_ID, TAMNGUNG, BHYT, THOIGIANTHUCHIEN) VALUES (1040, 4, N'0174', N'Xoa bóp bấm huyệt điều trị rối loạn cảm giác đầu chi', NULL, N'Lần', 1, NULL, N'0', N'1', NULL);
IF NOT EXISTS (SELECT 1 FROM dbo.DM_DichVu WHERE DICHVU_ID = 1041)
  INSERT INTO dbo.DM_DichVu (DICHVU_ID, NHOMDICHVU_ID, MADICHVU, TENDICHVU, TENKHONGDAU, DONVITINH, CAP, CAPTREN_ID, TAMNGUNG, BHYT, THOIGIANTHUCHIEN) VALUES (1041, 4, N'0175', N'Xoa bóp bấm huyệt điều trị tắc tia sữa', NULL, N'Lần', 1, NULL, N'0', N'1', NULL);
IF NOT EXISTS (SELECT 1 FROM dbo.DM_DichVu WHERE DICHVU_ID = 1042)
  INSERT INTO dbo.DM_DichVu (DICHVU_ID, NHOMDICHVU_ID, MADICHVU, TENDICHVU, TENKHONGDAU, DONVITINH, CAP, CAPTREN_ID, TAMNGUNG, BHYT, THOIGIANTHUCHIEN) VALUES (1042, 4, N'0176', N'Xoa bóp bấm huyệt điều trị rối loạn kinh nguyệt', NULL, N'Lần', 1, NULL, N'0', N'1', NULL);
IF NOT EXISTS (SELECT 1 FROM dbo.DM_DichVu WHERE DICHVU_ID = 1043)
  INSERT INTO dbo.DM_DichVu (DICHVU_ID, NHOMDICHVU_ID, MADICHVU, TENDICHVU, TENKHONGDAU, DONVITINH, CAP, CAPTREN_ID, TAMNGUNG, BHYT, THOIGIANTHUCHIEN) VALUES (1043, 4, N'0177', N'Xoa bóp bấm huyệt điều trị đau bụng kinh', NULL, N'Lần', 1, NULL, N'0', N'1', NULL);
IF NOT EXISTS (SELECT 1 FROM dbo.DM_DichVu WHERE DICHVU_ID = 1044)
  INSERT INTO dbo.DM_DichVu (DICHVU_ID, NHOMDICHVU_ID, MADICHVU, TENDICHVU, TENKHONGDAU, DONVITINH, CAP, CAPTREN_ID, TAMNGUNG, BHYT, THOIGIANTHUCHIEN) VALUES (1044, 4, N'0178', N'Xoa bóp bấm huyệt điều trị hội chứng tiền mãn kinh', NULL, N'Lần', 1, NULL, N'0', N'1', NULL);
IF NOT EXISTS (SELECT 1 FROM dbo.DM_DichVu WHERE DICHVU_ID = 1045)
  INSERT INTO dbo.DM_DichVu (DICHVU_ID, NHOMDICHVU_ID, MADICHVU, TENDICHVU, TENKHONGDAU, DONVITINH, CAP, CAPTREN_ID, TAMNGUNG, BHYT, THOIGIANTHUCHIEN) VALUES (1045, 4, N'0179', N'Xoa bóp bấm huyệt điều trị táo bón', NULL, N'Lần', 1, NULL, N'0', N'1', NULL);
IF NOT EXISTS (SELECT 1 FROM dbo.DM_DichVu WHERE DICHVU_ID = 1046)
  INSERT INTO dbo.DM_DichVu (DICHVU_ID, NHOMDICHVU_ID, MADICHVU, TENDICHVU, TENKHONGDAU, DONVITINH, CAP, CAPTREN_ID, TAMNGUNG, BHYT, THOIGIANTHUCHIEN) VALUES (1046, 4, N'0180', N'Xoa bóp bấm huyệt điều trị rối loạn tiêu hóa', NULL, N'Lần', 1, NULL, N'0', N'1', NULL);
IF NOT EXISTS (SELECT 1 FROM dbo.DM_DichVu WHERE DICHVU_ID = 1047)
  INSERT INTO dbo.DM_DichVu (DICHVU_ID, NHOMDICHVU_ID, MADICHVU, TENDICHVU, TENKHONGDAU, DONVITINH, CAP, CAPTREN_ID, TAMNGUNG, BHYT, THOIGIANTHUCHIEN) VALUES (1047, 4, N'0181', N'Xoa bóp bấm huyệt điều trị rối loạn cảm giác nông', NULL, N'Lần', 1, NULL, N'0', N'1', NULL);
IF NOT EXISTS (SELECT 1 FROM dbo.DM_DichVu WHERE DICHVU_ID = 1048)
  INSERT INTO dbo.DM_DichVu (DICHVU_ID, NHOMDICHVU_ID, MADICHVU, TENDICHVU, TENKHONGDAU, DONVITINH, CAP, CAPTREN_ID, TAMNGUNG, BHYT, THOIGIANTHUCHIEN) VALUES (1048, 4, N'0182', N'Xoa bóp bấm huyệt điều trị bí đái cơ năng', NULL, N'Lần', 1, NULL, N'0', N'1', NULL);
IF NOT EXISTS (SELECT 1 FROM dbo.DM_DichVu WHERE DICHVU_ID = 1049)
  INSERT INTO dbo.DM_DichVu (DICHVU_ID, NHOMDICHVU_ID, MADICHVU, TENDICHVU, TENKHONGDAU, DONVITINH, CAP, CAPTREN_ID, TAMNGUNG, BHYT, THOIGIANTHUCHIEN) VALUES (1049, 4, N'0183', N'Xoa bóp bấm huyệt điều trị rối loạn thần kinh thực vật', NULL, N'Lần', 1, NULL, N'0', N'1', NULL);
IF NOT EXISTS (SELECT 1 FROM dbo.DM_DichVu WHERE DICHVU_ID = 1050)
  INSERT INTO dbo.DM_DichVu (DICHVU_ID, NHOMDICHVU_ID, MADICHVU, TENDICHVU, TENKHONGDAU, DONVITINH, CAP, CAPTREN_ID, TAMNGUNG, BHYT, THOIGIANTHUCHIEN) VALUES (1050, 4, N'0184', N'Xoa bóp bấm huyệt điều trị béo phì', NULL, N'Lần', 1, NULL, N'0', N'1', NULL);
IF NOT EXISTS (SELECT 1 FROM dbo.DM_DichVu WHERE DICHVU_ID = 1051)
  INSERT INTO dbo.DM_DichVu (DICHVU_ID, NHOMDICHVU_ID, MADICHVU, TENDICHVU, TENKHONGDAU, DONVITINH, CAP, CAPTREN_ID, TAMNGUNG, BHYT, THOIGIANTHUCHIEN) VALUES (1051, 4, N'0185', N'Xoa bóp bấm huyệt điều trị rối loạn chức năng vận động do chấn thương sọ não', NULL, N'Lần', 1, NULL, N'0', N'1', NULL);
IF NOT EXISTS (SELECT 1 FROM dbo.DM_DichVu WHERE DICHVU_ID = 1052)
  INSERT INTO dbo.DM_DichVu (DICHVU_ID, NHOMDICHVU_ID, MADICHVU, TENDICHVU, TENKHONGDAU, DONVITINH, CAP, CAPTREN_ID, TAMNGUNG, BHYT, THOIGIANTHUCHIEN) VALUES (1052, 4, N'0186', N'Xoa bóp bấm huyệt điều trị liệt tứ chi do chấn thương cột sống', NULL, N'Lần', 1, NULL, N'0', N'1', NULL);
IF NOT EXISTS (SELECT 1 FROM dbo.DM_DichVu WHERE DICHVU_ID = 1053)
  INSERT INTO dbo.DM_DichVu (DICHVU_ID, NHOMDICHVU_ID, MADICHVU, TENDICHVU, TENKHONGDAU, DONVITINH, CAP, CAPTREN_ID, TAMNGUNG, BHYT, THOIGIANTHUCHIEN) VALUES (1053, 4, N'0187', N'Xoa bóp bấm huyệt điều trị giảm đau sau phẫu thuật', NULL, N'Lần', 1, NULL, N'0', N'1', NULL);
IF NOT EXISTS (SELECT 1 FROM dbo.DM_DichVu WHERE DICHVU_ID = 1054)
  INSERT INTO dbo.DM_DichVu (DICHVU_ID, NHOMDICHVU_ID, MADICHVU, TENDICHVU, TENKHONGDAU, DONVITINH, CAP, CAPTREN_ID, TAMNGUNG, BHYT, THOIGIANTHUCHIEN) VALUES (1054, 4, N'0188', N'Xoa bóp bấm huyệt điều trị giảm đau do ung thư', NULL, N'Lần', 1, NULL, N'0', N'1', NULL);
IF NOT EXISTS (SELECT 1 FROM dbo.DM_DichVu WHERE DICHVU_ID = 1055)
  INSERT INTO dbo.DM_DichVu (DICHVU_ID, NHOMDICHVU_ID, MADICHVU, TENDICHVU, TENKHONGDAU, DONVITINH, CAP, CAPTREN_ID, TAMNGUNG, BHYT, THOIGIANTHUCHIEN) VALUES (1055, 4, N'0189', N'Xoa bóp bấm huyệt điều trị đái dầm', NULL, N'Lần', 1, NULL, N'0', N'1', NULL);
IF NOT EXISTS (SELECT 1 FROM dbo.DM_DichVu WHERE DICHVU_ID = 1056)
  INSERT INTO dbo.DM_DichVu (DICHVU_ID, NHOMDICHVU_ID, MADICHVU, TENDICHVU, TENKHONGDAU, DONVITINH, CAP, CAPTREN_ID, TAMNGUNG, BHYT, THOIGIANTHUCHIEN) VALUES (1056, 4, N'0190', N'Xoa bóp bấm huyệt điều trị hội chứng phân ly', NULL, N'Lần', 1, NULL, N'0', N'1', NULL);
IF NOT EXISTS (SELECT 1 FROM dbo.DM_DichVu WHERE DICHVU_ID = 1057)
  INSERT INTO dbo.DM_DichVu (DICHVU_ID, NHOMDICHVU_ID, MADICHVU, TENDICHVU, TENKHONGDAU, DONVITINH, CAP, CAPTREN_ID, TAMNGUNG, BHYT, THOIGIANTHUCHIEN) VALUES (1057, 4, N'0191', N'Giác hơi', NULL, N'Lần', 1, NULL, N'0', N'1', NULL);
IF NOT EXISTS (SELECT 1 FROM dbo.DM_DichVu WHERE DICHVU_ID = 1058)
  INSERT INTO dbo.DM_DichVu (DICHVU_ID, NHOMDICHVU_ID, MADICHVU, TENDICHVU, TENKHONGDAU, DONVITINH, CAP, CAPTREN_ID, TAMNGUNG, BHYT, THOIGIANTHUCHIEN) VALUES (1058, 4, N'0192', N'Khí dung đường thở ở bệnh nhân nặng', NULL, N'Lần', 1, NULL, N'0', N'1', NULL);
IF NOT EXISTS (SELECT 1 FROM dbo.DM_DichVu WHERE DICHVU_ID = 1059)
  INSERT INTO dbo.DM_DichVu (DICHVU_ID, NHOMDICHVU_ID, MADICHVU, TENDICHVU, TENKHONGDAU, DONVITINH, CAP, CAPTREN_ID, TAMNGUNG, BHYT, THOIGIANTHUCHIEN) VALUES (1059, 3, N'0193', N'Cắt u, polyp trực tràng đường hậu môn', NULL, N'Lần', 1, NULL, N'0', N'1', NULL);
IF NOT EXISTS (SELECT 1 FROM dbo.DM_DichVu WHERE DICHVU_ID = 1060)
  INSERT INTO dbo.DM_DichVu (DICHVU_ID, NHOMDICHVU_ID, MADICHVU, TENDICHVU, TENKHONGDAU, DONVITINH, CAP, CAPTREN_ID, TAMNGUNG, BHYT, THOIGIANTHUCHIEN) VALUES (1060, 3, N'0194', N'Phẫu thuật cắt 1 búi trĩ', NULL, N'Lần', 1, NULL, N'0', N'1', NULL);
IF NOT EXISTS (SELECT 1 FROM dbo.DM_DichVu WHERE DICHVU_ID = 1061)
  INSERT INTO dbo.DM_DichVu (DICHVU_ID, NHOMDICHVU_ID, MADICHVU, TENDICHVU, TENKHONGDAU, DONVITINH, CAP, CAPTREN_ID, TAMNGUNG, BHYT, THOIGIANTHUCHIEN) VALUES (1061, 3, N'0195', N'Phẫu thuật lấy trĩ tắc mạch', NULL, N'Lần', 1, NULL, N'0', N'1', NULL);
IF NOT EXISTS (SELECT 1 FROM dbo.DM_DichVu WHERE DICHVU_ID = 1062)
  INSERT INTO dbo.DM_DichVu (DICHVU_ID, NHOMDICHVU_ID, MADICHVU, TENDICHVU, TENKHONGDAU, DONVITINH, CAP, CAPTREN_ID, TAMNGUNG, BHYT, THOIGIANTHUCHIEN) VALUES (1062, 3, N'0196', N'Phẫu thuật cắt trĩ kinh điển (phương pháp Milligan - Morgan hoặc Ferguson)', NULL, N'Lần', 1, NULL, N'0', N'1', NULL);
IF NOT EXISTS (SELECT 1 FROM dbo.DM_DichVu WHERE DICHVU_ID = 1063)
  INSERT INTO dbo.DM_DichVu (DICHVU_ID, NHOMDICHVU_ID, MADICHVU, TENDICHVU, TENKHONGDAU, DONVITINH, CAP, CAPTREN_ID, TAMNGUNG, BHYT, THOIGIANTHUCHIEN) VALUES (1063, 3, N'0197', N'Phẫu thuật cắt trĩ kinh điển có sử dụng dụng cụ hỗ trợ', NULL, N'Lần', 1, NULL, N'0', N'1', NULL);
IF NOT EXISTS (SELECT 1 FROM dbo.DM_DichVu WHERE DICHVU_ID = 1064)
  INSERT INTO dbo.DM_DichVu (DICHVU_ID, NHOMDICHVU_ID, MADICHVU, TENDICHVU, TENKHONGDAU, DONVITINH, CAP, CAPTREN_ID, TAMNGUNG, BHYT, THOIGIANTHUCHIEN) VALUES (1064, 3, N'0198', N'Phẫu thuật lấy toàn bộ trĩ vòng', NULL, N'Lần', 1, NULL, N'0', N'1', NULL);
IF NOT EXISTS (SELECT 1 FROM dbo.DM_DichVu WHERE DICHVU_ID = 1065)
  INSERT INTO dbo.DM_DichVu (DICHVU_ID, NHOMDICHVU_ID, MADICHVU, TENDICHVU, TENKHONGDAU, DONVITINH, CAP, CAPTREN_ID, TAMNGUNG, BHYT, THOIGIANTHUCHIEN) VALUES (1065, 3, N'0199', N'Phẫu thuật Longo', NULL, N'Lần', 1, NULL, N'0', N'1', NULL);
IF NOT EXISTS (SELECT 1 FROM dbo.DM_DichVu WHERE DICHVU_ID = 1066)
  INSERT INTO dbo.DM_DichVu (DICHVU_ID, NHOMDICHVU_ID, MADICHVU, TENDICHVU, TENKHONGDAU, DONVITINH, CAP, CAPTREN_ID, TAMNGUNG, BHYT, THOIGIANTHUCHIEN) VALUES (1066, 3, N'0200', N'Phẫu thuật Longo kết hợp với khâu treo trĩ', NULL, N'Lần', 1, NULL, N'0', N'1', NULL);
IF NOT EXISTS (SELECT 1 FROM dbo.DM_DichVu WHERE DICHVU_ID = 1067)
  INSERT INTO dbo.DM_DichVu (DICHVU_ID, NHOMDICHVU_ID, MADICHVU, TENDICHVU, TENKHONGDAU, DONVITINH, CAP, CAPTREN_ID, TAMNGUNG, BHYT, THOIGIANTHUCHIEN) VALUES (1067, 3, N'0201', N'Phẫu thuật khâu treo và triệt mạch trĩ (THD)', NULL, N'Lần', 1, NULL, N'0', N'1', NULL);
IF NOT EXISTS (SELECT 1 FROM dbo.DM_DichVu WHERE DICHVU_ID = 1068)
  INSERT INTO dbo.DM_DichVu (DICHVU_ID, NHOMDICHVU_ID, MADICHVU, TENDICHVU, TENKHONGDAU, DONVITINH, CAP, CAPTREN_ID, TAMNGUNG, BHYT, THOIGIANTHUCHIEN) VALUES (1068, 3, N'0202', N'Phẫu thuật chích, dẫn lưu áp xe cạnh hậu môn đơn giản', NULL, N'Lần', 1, NULL, N'0', N'1', NULL);
IF NOT EXISTS (SELECT 1 FROM dbo.DM_DichVu WHERE DICHVU_ID = 1069)
  INSERT INTO dbo.DM_DichVu (DICHVU_ID, NHOMDICHVU_ID, MADICHVU, TENDICHVU, TENKHONGDAU, DONVITINH, CAP, CAPTREN_ID, TAMNGUNG, BHYT, THOIGIANTHUCHIEN) VALUES (1069, 3, N'0203', N'Phẫu thuật điều trị áp xe hậu môn phức tạp', NULL, N'Lần', 1, NULL, N'0', N'1', NULL);
IF NOT EXISTS (SELECT 1 FROM dbo.DM_DichVu WHERE DICHVU_ID = 1070)
  INSERT INTO dbo.DM_DichVu (DICHVU_ID, NHOMDICHVU_ID, MADICHVU, TENDICHVU, TENKHONGDAU, DONVITINH, CAP, CAPTREN_ID, TAMNGUNG, BHYT, THOIGIANTHUCHIEN) VALUES (1070, 3, N'0204', N'Phẫu thuật điều trị rò hậu môn đơn giản', NULL, N'Lần', 1, NULL, N'0', N'1', NULL);
IF NOT EXISTS (SELECT 1 FROM dbo.DM_DichVu WHERE DICHVU_ID = 1071)
  INSERT INTO dbo.DM_DichVu (DICHVU_ID, NHOMDICHVU_ID, MADICHVU, TENDICHVU, TENKHONGDAU, DONVITINH, CAP, CAPTREN_ID, TAMNGUNG, BHYT, THOIGIANTHUCHIEN) VALUES (1071, 3, N'0205', N'Phẫu thuật điều trị rò hậu môn phức tạp', NULL, N'Lần', 1, NULL, N'0', N'1', NULL);
IF NOT EXISTS (SELECT 1 FROM dbo.DM_DichVu WHERE DICHVU_ID = 1072)
  INSERT INTO dbo.DM_DichVu (DICHVU_ID, NHOMDICHVU_ID, MADICHVU, TENDICHVU, TENKHONGDAU, DONVITINH, CAP, CAPTREN_ID, TAMNGUNG, BHYT, THOIGIANTHUCHIEN) VALUES (1072, 3, N'0206', N'Phẫu thuật điều trị rò hậu môn cắt cơ thắt trên chỉ chờ', NULL, N'Lần', 1, NULL, N'0', N'1', NULL);
IF NOT EXISTS (SELECT 1 FROM dbo.DM_DichVu WHERE DICHVU_ID = 1073)
  INSERT INTO dbo.DM_DichVu (DICHVU_ID, NHOMDICHVU_ID, MADICHVU, TENDICHVU, TENKHONGDAU, DONVITINH, CAP, CAPTREN_ID, TAMNGUNG, BHYT, THOIGIANTHUCHIEN) VALUES (1073, 3, N'0207', N'Điều trị nứt kẽ hậu môn bằng cắt cơ tròn trong (vị trí 3 giờ và 9 giờ)', NULL, N'Lần', 1, NULL, N'0', N'1', NULL);
IF NOT EXISTS (SELECT 1 FROM dbo.DM_DichVu WHERE DICHVU_ID = 1074)
  INSERT INTO dbo.DM_DichVu (DICHVU_ID, NHOMDICHVU_ID, MADICHVU, TENDICHVU, TENKHONGDAU, DONVITINH, CAP, CAPTREN_ID, TAMNGUNG, BHYT, THOIGIANTHUCHIEN) VALUES (1074, 3, N'0208', N'Điều trị nứt kẽ hậu môn bằng cắt cơ tròn trong vị trí 6 giờ, tạo hình hậu môn', NULL, N'Lần', 1, NULL, N'0', N'1', NULL);
IF NOT EXISTS (SELECT 1 FROM dbo.DM_DichVu WHERE DICHVU_ID = 1075)
  INSERT INTO dbo.DM_DichVu (DICHVU_ID, NHOMDICHVU_ID, MADICHVU, TENDICHVU, TENKHONGDAU, DONVITINH, CAP, CAPTREN_ID, TAMNGUNG, BHYT, THOIGIANTHUCHIEN) VALUES (1075, 3, N'0209', N'Điều trị hẹp hậu môn bằng cắt vòng xơ, tạo hình hậu môn', NULL, N'Lần', 1, NULL, N'0', N'1', NULL);
IF NOT EXISTS (SELECT 1 FROM dbo.DM_DichVu WHERE DICHVU_ID = 1076)
  INSERT INTO dbo.DM_DichVu (DICHVU_ID, NHOMDICHVU_ID, MADICHVU, TENDICHVU, TENKHONGDAU, DONVITINH, CAP, CAPTREN_ID, TAMNGUNG, BHYT, THOIGIANTHUCHIEN) VALUES (1076, 4, N'0210', N'Khí dung vòm họng trong điều trị ung thư vòm', NULL, N'Lần', 1, NULL, N'0', N'1', NULL);
IF NOT EXISTS (SELECT 1 FROM dbo.DM_DichVu WHERE DICHVU_ID = 1077)
  INSERT INTO dbo.DM_DichVu (DICHVU_ID, NHOMDICHVU_ID, MADICHVU, TENDICHVU, TENKHONGDAU, DONVITINH, CAP, CAPTREN_ID, TAMNGUNG, BHYT, THOIGIANTHUCHIEN) VALUES (1077, 3, N'0211', N'Chích áp xe tầng sinh môn', NULL, N'Lần', 1, NULL, N'0', N'1', NULL);
IF NOT EXISTS (SELECT 1 FROM dbo.DM_DichVu WHERE DICHVU_ID = 1078)
  INSERT INTO dbo.DM_DichVu (DICHVU_ID, NHOMDICHVU_ID, MADICHVU, TENDICHVU, TENKHONGDAU, DONVITINH, CAP, CAPTREN_ID, TAMNGUNG, BHYT, THOIGIANTHUCHIEN) VALUES (1078, 4, N'0212', N'Điều trị tổn thương cổ tử cung bằng đốt điện, đốt nhiệt, đốt laser, áp lạnh...', NULL, N'Lần', 1, NULL, N'0', N'1', NULL);
IF NOT EXISTS (SELECT 1 FROM dbo.DM_DichVu WHERE DICHVU_ID = 1079)
  INSERT INTO dbo.DM_DichVu (DICHVU_ID, NHOMDICHVU_ID, MADICHVU, TENDICHVU, TENKHONGDAU, DONVITINH, CAP, CAPTREN_ID, TAMNGUNG, BHYT, THOIGIANTHUCHIEN) VALUES (1079, 4, N'0213', N'Soi cổ tử cung', NULL, N'Lần', 1, NULL, N'0', N'1', NULL);
IF NOT EXISTS (SELECT 1 FROM dbo.DM_DichVu WHERE DICHVU_ID = 1080)
  INSERT INTO dbo.DM_DichVu (DICHVU_ID, NHOMDICHVU_ID, MADICHVU, TENDICHVU, TENKHONGDAU, DONVITINH, CAP, CAPTREN_ID, TAMNGUNG, BHYT, THOIGIANTHUCHIEN) VALUES (1080, 4, N'0214', N'Tiêm tĩnh mạch, truyền tĩnh mạch', NULL, N'Lần', 1, NULL, N'0', N'1', NULL);
IF NOT EXISTS (SELECT 1 FROM dbo.DM_DichVu WHERE DICHVU_ID = 1081)
  INSERT INTO dbo.DM_DichVu (DICHVU_ID, NHOMDICHVU_ID, MADICHVU, TENDICHVU, TENKHONGDAU, DONVITINH, CAP, CAPTREN_ID, TAMNGUNG, BHYT, THOIGIANTHUCHIEN) VALUES (1081, 4, N'0215', N'Khí dung mũi họng', NULL, N'Lần', 1, NULL, N'0', N'1', NULL);
IF NOT EXISTS (SELECT 1 FROM dbo.DM_DichVu WHERE DICHVU_ID = 1082)
  INSERT INTO dbo.DM_DichVu (DICHVU_ID, NHOMDICHVU_ID, MADICHVU, TENDICHVU, TENKHONGDAU, DONVITINH, CAP, CAPTREN_ID, TAMNGUNG, BHYT, THOIGIANTHUCHIEN) VALUES (1082, 4, N'0216', N'Điều trị bằng sóng ngắn', NULL, N'Lần', 1, NULL, N'0', N'1', NULL);
IF NOT EXISTS (SELECT 1 FROM dbo.DM_DichVu WHERE DICHVU_ID = 1083)
  INSERT INTO dbo.DM_DichVu (DICHVU_ID, NHOMDICHVU_ID, MADICHVU, TENDICHVU, TENKHONGDAU, DONVITINH, CAP, CAPTREN_ID, TAMNGUNG, BHYT, THOIGIANTHUCHIEN) VALUES (1083, 4, N'0217', N'Điều trị bằng từ trường', NULL, N'Lần', 1, NULL, N'0', N'1', NULL);
IF NOT EXISTS (SELECT 1 FROM dbo.DM_DichVu WHERE DICHVU_ID = 1084)
  INSERT INTO dbo.DM_DichVu (DICHVU_ID, NHOMDICHVU_ID, MADICHVU, TENDICHVU, TENKHONGDAU, DONVITINH, CAP, CAPTREN_ID, TAMNGUNG, BHYT, THOIGIANTHUCHIEN) VALUES (1084, 4, N'0218', N'Điều trị bằng dòng điện một chiều đều', NULL, N'Lần', 1, NULL, N'0', N'1', NULL);
IF NOT EXISTS (SELECT 1 FROM dbo.DM_DichVu WHERE DICHVU_ID = 1085)
  INSERT INTO dbo.DM_DichVu (DICHVU_ID, NHOMDICHVU_ID, MADICHVU, TENDICHVU, TENKHONGDAU, DONVITINH, CAP, CAPTREN_ID, TAMNGUNG, BHYT, THOIGIANTHUCHIEN) VALUES (1085, 4, N'0219', N'Điều trị bằng các dòng điện xung', NULL, N'Lần', 1, NULL, N'0', N'1', NULL);
IF NOT EXISTS (SELECT 1 FROM dbo.DM_DichVu WHERE DICHVU_ID = 1086)
  INSERT INTO dbo.DM_DichVu (DICHVU_ID, NHOMDICHVU_ID, MADICHVU, TENDICHVU, TENKHONGDAU, DONVITINH, CAP, CAPTREN_ID, TAMNGUNG, BHYT, THOIGIANTHUCHIEN) VALUES (1086, 4, N'0220', N'Điều trị bằng siêu âm', NULL, N'Lần', 1, NULL, N'0', N'1', NULL);
IF NOT EXISTS (SELECT 1 FROM dbo.DM_DichVu WHERE DICHVU_ID = 1087)
  INSERT INTO dbo.DM_DichVu (DICHVU_ID, NHOMDICHVU_ID, MADICHVU, TENDICHVU, TENKHONGDAU, DONVITINH, CAP, CAPTREN_ID, TAMNGUNG, BHYT, THOIGIANTHUCHIEN) VALUES (1087, 4, N'0221', N'Điều trị bằng tia hồng ngoại', NULL, N'Lần', 1, NULL, N'0', N'1', NULL);
IF NOT EXISTS (SELECT 1 FROM dbo.DM_DichVu WHERE DICHVU_ID = 1088)
  INSERT INTO dbo.DM_DichVu (DICHVU_ID, NHOMDICHVU_ID, MADICHVU, TENDICHVU, TENKHONGDAU, DONVITINH, CAP, CAPTREN_ID, TAMNGUNG, BHYT, THOIGIANTHUCHIEN) VALUES (1088, 4, N'0222', N'Điều trị bằng Parafin', NULL, N'Lần', 1, NULL, N'0', N'1', NULL);
IF NOT EXISTS (SELECT 1 FROM dbo.DM_DichVu WHERE DICHVU_ID = 1089)
  INSERT INTO dbo.DM_DichVu (DICHVU_ID, NHOMDICHVU_ID, MADICHVU, TENDICHVU, TENKHONGDAU, DONVITINH, CAP, CAPTREN_ID, TAMNGUNG, BHYT, THOIGIANTHUCHIEN) VALUES (1089, 4, N'0223', N'Điều trị bằng bồn xoáy hoặc bể sục', NULL, N'Lần', 1, NULL, N'0', N'1', NULL);
IF NOT EXISTS (SELECT 1 FROM dbo.DM_DichVu WHERE DICHVU_ID = 1090)
  INSERT INTO dbo.DM_DichVu (DICHVU_ID, NHOMDICHVU_ID, MADICHVU, TENDICHVU, TENKHONGDAU, DONVITINH, CAP, CAPTREN_ID, TAMNGUNG, BHYT, THOIGIANTHUCHIEN) VALUES (1090, 4, N'0224', N'Thủy trị liệu toàn thân (bể bơi, bồn ngâm)', NULL, N'Lần', 1, NULL, N'0', N'1', NULL);
IF NOT EXISTS (SELECT 1 FROM dbo.DM_DichVu WHERE DICHVU_ID = 1091)
  INSERT INTO dbo.DM_DichVu (DICHVU_ID, NHOMDICHVU_ID, MADICHVU, TENDICHVU, TENKHONGDAU, DONVITINH, CAP, CAPTREN_ID, TAMNGUNG, BHYT, THOIGIANTHUCHIEN) VALUES (1091, 4, N'0225', N'Kỹ thuật tập tay và bàn tay cho người bệnh liệt nửa người', NULL, N'Lần', 1, NULL, N'0', N'1', NULL);
IF NOT EXISTS (SELECT 1 FROM dbo.DM_DichVu WHERE DICHVU_ID = 1092)
  INSERT INTO dbo.DM_DichVu (DICHVU_ID, NHOMDICHVU_ID, MADICHVU, TENDICHVU, TENKHONGDAU, DONVITINH, CAP, CAPTREN_ID, TAMNGUNG, BHYT, THOIGIANTHUCHIEN) VALUES (1092, 4, N'0226', N'Kỹ thuật tập đứng và đi cho người bệnh liệt nửa người', NULL, N'Lần', 1, NULL, N'0', N'1', NULL);
IF NOT EXISTS (SELECT 1 FROM dbo.DM_DichVu WHERE DICHVU_ID = 1093)
  INSERT INTO dbo.DM_DichVu (DICHVU_ID, NHOMDICHVU_ID, MADICHVU, TENDICHVU, TENKHONGDAU, DONVITINH, CAP, CAPTREN_ID, TAMNGUNG, BHYT, THOIGIANTHUCHIEN) VALUES (1093, 4, N'0227', N'Tập ngồi thăng bằng tĩnh và động', NULL, N'Lần', 1, NULL, N'0', N'1', NULL);
IF NOT EXISTS (SELECT 1 FROM dbo.DM_DichVu WHERE DICHVU_ID = 1094)
  INSERT INTO dbo.DM_DichVu (DICHVU_ID, NHOMDICHVU_ID, MADICHVU, TENDICHVU, TENKHONGDAU, DONVITINH, CAP, CAPTREN_ID, TAMNGUNG, BHYT, THOIGIANTHUCHIEN) VALUES (1094, 4, N'0228', N'Tập đứng thăng bằng tĩnh và động', NULL, N'Lần', 1, NULL, N'0', N'1', NULL);
IF NOT EXISTS (SELECT 1 FROM dbo.DM_DichVu WHERE DICHVU_ID = 1095)
  INSERT INTO dbo.DM_DichVu (DICHVU_ID, NHOMDICHVU_ID, MADICHVU, TENDICHVU, TENKHONGDAU, DONVITINH, CAP, CAPTREN_ID, TAMNGUNG, BHYT, THOIGIANTHUCHIEN) VALUES (1095, 4, N'0229', N'Tập đi với thanh song song', NULL, N'Lần', 1, NULL, N'0', N'1', NULL);
IF NOT EXISTS (SELECT 1 FROM dbo.DM_DichVu WHERE DICHVU_ID = 1096)
  INSERT INTO dbo.DM_DichVu (DICHVU_ID, NHOMDICHVU_ID, MADICHVU, TENDICHVU, TENKHONGDAU, DONVITINH, CAP, CAPTREN_ID, TAMNGUNG, BHYT, THOIGIANTHUCHIEN) VALUES (1096, 4, N'0230', N'Tập đi với khung tập đi', NULL, N'Lần', 1, NULL, N'0', N'1', NULL);
IF NOT EXISTS (SELECT 1 FROM dbo.DM_DichVu WHERE DICHVU_ID = 1097)
  INSERT INTO dbo.DM_DichVu (DICHVU_ID, NHOMDICHVU_ID, MADICHVU, TENDICHVU, TENKHONGDAU, DONVITINH, CAP, CAPTREN_ID, TAMNGUNG, BHYT, THOIGIANTHUCHIEN) VALUES (1097, 4, N'0231', N'Tập đi với nạng (nạng nách, nạng khuỷu)', NULL, N'Lần', 1, NULL, N'0', N'1', NULL);
IF NOT EXISTS (SELECT 1 FROM dbo.DM_DichVu WHERE DICHVU_ID = 1098)
  INSERT INTO dbo.DM_DichVu (DICHVU_ID, NHOMDICHVU_ID, MADICHVU, TENDICHVU, TENKHONGDAU, DONVITINH, CAP, CAPTREN_ID, TAMNGUNG, BHYT, THOIGIANTHUCHIEN) VALUES (1098, 4, N'0232', N'Tập đi với gậy', NULL, N'Lần', 1, NULL, N'0', N'1', NULL);
IF NOT EXISTS (SELECT 1 FROM dbo.DM_DichVu WHERE DICHVU_ID = 1099)
  INSERT INTO dbo.DM_DichVu (DICHVU_ID, NHOMDICHVU_ID, MADICHVU, TENDICHVU, TENKHONGDAU, DONVITINH, CAP, CAPTREN_ID, TAMNGUNG, BHYT, THOIGIANTHUCHIEN) VALUES (1099, 4, N'0233', N'Tập lên, xuống cầu thang', NULL, N'Lần', 1, NULL, N'0', N'1', NULL);
IF NOT EXISTS (SELECT 1 FROM dbo.DM_DichVu WHERE DICHVU_ID = 1100)
  INSERT INTO dbo.DM_DichVu (DICHVU_ID, NHOMDICHVU_ID, MADICHVU, TENDICHVU, TENKHONGDAU, DONVITINH, CAP, CAPTREN_ID, TAMNGUNG, BHYT, THOIGIANTHUCHIEN) VALUES (1100, 4, N'0234', N'Tập đi với khung treo', NULL, N'Lần', 1, NULL, N'0', N'1', NULL);
IF NOT EXISTS (SELECT 1 FROM dbo.DM_DichVu WHERE DICHVU_ID = 1101)
  INSERT INTO dbo.DM_DichVu (DICHVU_ID, NHOMDICHVU_ID, MADICHVU, TENDICHVU, TENKHONGDAU, DONVITINH, CAP, CAPTREN_ID, TAMNGUNG, BHYT, THOIGIANTHUCHIEN) VALUES (1101, 4, N'0235', N'Tập vận động thụ động', NULL, N'Lần', 1, NULL, N'0', N'1', NULL);
IF NOT EXISTS (SELECT 1 FROM dbo.DM_DichVu WHERE DICHVU_ID = 1102)
  INSERT INTO dbo.DM_DichVu (DICHVU_ID, NHOMDICHVU_ID, MADICHVU, TENDICHVU, TENKHONGDAU, DONVITINH, CAP, CAPTREN_ID, TAMNGUNG, BHYT, THOIGIANTHUCHIEN) VALUES (1102, 4, N'0236', N'Tập vận động có trợ giúp', NULL, N'Lần', 1, NULL, N'0', N'1', NULL);
IF NOT EXISTS (SELECT 1 FROM dbo.DM_DichVu WHERE DICHVU_ID = 1103)
  INSERT INTO dbo.DM_DichVu (DICHVU_ID, NHOMDICHVU_ID, MADICHVU, TENDICHVU, TENKHONGDAU, DONVITINH, CAP, CAPTREN_ID, TAMNGUNG, BHYT, THOIGIANTHUCHIEN) VALUES (1103, 4, N'0237', N'Tập vận động có kháng trở', NULL, N'Lần', 1, NULL, N'0', N'1', NULL);
IF NOT EXISTS (SELECT 1 FROM dbo.DM_DichVu WHERE DICHVU_ID = 1104)
  INSERT INTO dbo.DM_DichVu (DICHVU_ID, NHOMDICHVU_ID, MADICHVU, TENDICHVU, TENKHONGDAU, DONVITINH, CAP, CAPTREN_ID, TAMNGUNG, BHYT, THOIGIANTHUCHIEN) VALUES (1104, 4, N'0238', N'Tập vận động trên bóng', NULL, N'Lần', 1, NULL, N'0', N'1', NULL);
IF NOT EXISTS (SELECT 1 FROM dbo.DM_DichVu WHERE DICHVU_ID = 1105)
  INSERT INTO dbo.DM_DichVu (DICHVU_ID, NHOMDICHVU_ID, MADICHVU, TENDICHVU, TENKHONGDAU, DONVITINH, CAP, CAPTREN_ID, TAMNGUNG, BHYT, THOIGIANTHUCHIEN) VALUES (1105, 4, N'0239', N'Tập tạo thuận thần kinh cơ cảm thụ bản thể chức năng', NULL, N'Lần', 1, NULL, N'0', N'1', NULL);
IF NOT EXISTS (SELECT 1 FROM dbo.DM_DichVu WHERE DICHVU_ID = 1106)
  INSERT INTO dbo.DM_DichVu (DICHVU_ID, NHOMDICHVU_ID, MADICHVU, TENDICHVU, TENKHONGDAU, DONVITINH, CAP, CAPTREN_ID, TAMNGUNG, BHYT, THOIGIANTHUCHIEN) VALUES (1106, 4, N'0240', N'Tập với thang tường', NULL, N'Lần', 1, NULL, N'0', N'1', NULL);
IF NOT EXISTS (SELECT 1 FROM dbo.DM_DichVu WHERE DICHVU_ID = 1107)
  INSERT INTO dbo.DM_DichVu (DICHVU_ID, NHOMDICHVU_ID, MADICHVU, TENDICHVU, TENKHONGDAU, DONVITINH, CAP, CAPTREN_ID, TAMNGUNG, BHYT, THOIGIANTHUCHIEN) VALUES (1107, 4, N'0241', N'Tập với ròng rọc', NULL, N'Lần', 1, NULL, N'0', N'1', NULL);
IF NOT EXISTS (SELECT 1 FROM dbo.DM_DichVu WHERE DICHVU_ID = 1108)
  INSERT INTO dbo.DM_DichVu (DICHVU_ID, NHOMDICHVU_ID, MADICHVU, TENDICHVU, TENKHONGDAU, DONVITINH, CAP, CAPTREN_ID, TAMNGUNG, BHYT, THOIGIANTHUCHIEN) VALUES (1108, 4, N'0242', N'Tập với dụng cụ quay khớp vai', NULL, N'Lần', 1, NULL, N'0', N'1', NULL);
IF NOT EXISTS (SELECT 1 FROM dbo.DM_DichVu WHERE DICHVU_ID = 1109)
  INSERT INTO dbo.DM_DichVu (DICHVU_ID, NHOMDICHVU_ID, MADICHVU, TENDICHVU, TENKHONGDAU, DONVITINH, CAP, CAPTREN_ID, TAMNGUNG, BHYT, THOIGIANTHUCHIEN) VALUES (1109, 4, N'0243', N'Tập thăng bằng với bàn bập bênh', NULL, N'Lần', 1, NULL, N'0', N'1', NULL);
IF NOT EXISTS (SELECT 1 FROM dbo.DM_DichVu WHERE DICHVU_ID = 1110)
  INSERT INTO dbo.DM_DichVu (DICHVU_ID, NHOMDICHVU_ID, MADICHVU, TENDICHVU, TENKHONGDAU, DONVITINH, CAP, CAPTREN_ID, TAMNGUNG, BHYT, THOIGIANTHUCHIEN) VALUES (1110, 4, N'0244', N'Tập với ghế tập mạnh cơ Tứ đầu đùi', NULL, N'Lần', 1, NULL, N'0', N'1', NULL);
IF NOT EXISTS (SELECT 1 FROM dbo.DM_DichVu WHERE DICHVU_ID = 1111)
  INSERT INTO dbo.DM_DichVu (DICHVU_ID, NHOMDICHVU_ID, MADICHVU, TENDICHVU, TENKHONGDAU, DONVITINH, CAP, CAPTREN_ID, TAMNGUNG, BHYT, THOIGIANTHUCHIEN) VALUES (1111, 4, N'0245', N'Tập với xe đạp tập', NULL, N'Lần', 1, NULL, N'0', N'1', NULL);
IF NOT EXISTS (SELECT 1 FROM dbo.DM_DichVu WHERE DICHVU_ID = 1112)
  INSERT INTO dbo.DM_DichVu (DICHVU_ID, NHOMDICHVU_ID, MADICHVU, TENDICHVU, TENKHONGDAU, DONVITINH, CAP, CAPTREN_ID, TAMNGUNG, BHYT, THOIGIANTHUCHIEN) VALUES (1112, 4, N'0246', N'Kỹ thuật kéo nắn trị liệu', NULL, N'Lần', 1, NULL, N'0', N'1', NULL);
IF NOT EXISTS (SELECT 1 FROM dbo.DM_DichVu WHERE DICHVU_ID = 1113)
  INSERT INTO dbo.DM_DichVu (DICHVU_ID, NHOMDICHVU_ID, MADICHVU, TENDICHVU, TENKHONGDAU, DONVITINH, CAP, CAPTREN_ID, TAMNGUNG, BHYT, THOIGIANTHUCHIEN) VALUES (1113, 4, N'0247', N'Kỹ thuật xoa bóp vùng', NULL, N'Lần', 1, NULL, N'0', N'1', NULL);
IF NOT EXISTS (SELECT 1 FROM dbo.DM_DichVu WHERE DICHVU_ID = 1114)
  INSERT INTO dbo.DM_DichVu (DICHVU_ID, NHOMDICHVU_ID, MADICHVU, TENDICHVU, TENKHONGDAU, DONVITINH, CAP, CAPTREN_ID, TAMNGUNG, BHYT, THOIGIANTHUCHIEN) VALUES (1114, 4, N'0248', N'Kỹ thuật xoa bóp toàn thân', NULL, N'Lần', 1, NULL, N'0', N'1', NULL);
IF NOT EXISTS (SELECT 1 FROM dbo.DM_DichVu WHERE DICHVU_ID = 1115)
  INSERT INTO dbo.DM_DichVu (DICHVU_ID, NHOMDICHVU_ID, MADICHVU, TENDICHVU, TENKHONGDAU, DONVITINH, CAP, CAPTREN_ID, TAMNGUNG, BHYT, THOIGIANTHUCHIEN) VALUES (1115, 4, N'0249', N'Tập điều hợp vận động', NULL, N'Lần', 1, NULL, N'0', N'1', NULL);
IF NOT EXISTS (SELECT 1 FROM dbo.DM_DichVu WHERE DICHVU_ID = 1116)
  INSERT INTO dbo.DM_DichVu (DICHVU_ID, NHOMDICHVU_ID, MADICHVU, TENDICHVU, TENKHONGDAU, DONVITINH, CAP, CAPTREN_ID, TAMNGUNG, BHYT, THOIGIANTHUCHIEN) VALUES (1116, 4, N'0250', N'Kỹ thuật tập sử dụng và điều khiển xe lăn', NULL, N'Lần', 1, NULL, N'0', N'1', NULL);
IF NOT EXISTS (SELECT 1 FROM dbo.DM_DichVu WHERE DICHVU_ID = 1117)
  INSERT INTO dbo.DM_DichVu (DICHVU_ID, NHOMDICHVU_ID, MADICHVU, TENDICHVU, TENKHONGDAU, DONVITINH, CAP, CAPTREN_ID, TAMNGUNG, BHYT, THOIGIANTHUCHIEN) VALUES (1117, 4, N'0251', N'Tập tri giác và nhận thức', NULL, N'Lần', 1, NULL, N'0', N'1', NULL);
IF NOT EXISTS (SELECT 1 FROM dbo.DM_DichVu WHERE DICHVU_ID = 1118)
  INSERT INTO dbo.DM_DichVu (DICHVU_ID, NHOMDICHVU_ID, MADICHVU, TENDICHVU, TENKHONGDAU, DONVITINH, CAP, CAPTREN_ID, TAMNGUNG, BHYT, THOIGIANTHUCHIEN) VALUES (1118, 4, N'0252', N'Tập nuốt', NULL, N'Lần', 1, NULL, N'0', N'1', NULL);
IF NOT EXISTS (SELECT 1 FROM dbo.DM_DichVu WHERE DICHVU_ID = 1119)
  INSERT INTO dbo.DM_DichVu (DICHVU_ID, NHOMDICHVU_ID, MADICHVU, TENDICHVU, TENKHONGDAU, DONVITINH, CAP, CAPTREN_ID, TAMNGUNG, BHYT, THOIGIANTHUCHIEN) VALUES (1119, 4, N'0253', N'Tập giao tiếp (ngôn ngữ ký hiệu, hình ảnh…)', NULL, N'Lần', 1, NULL, N'0', N'1', NULL);
IF NOT EXISTS (SELECT 1 FROM dbo.DM_DichVu WHERE DICHVU_ID = 1120)
  INSERT INTO dbo.DM_DichVu (DICHVU_ID, NHOMDICHVU_ID, MADICHVU, TENDICHVU, TENKHONGDAU, DONVITINH, CAP, CAPTREN_ID, TAMNGUNG, BHYT, THOIGIANTHUCHIEN) VALUES (1120, 4, N'0254', N'Tập sửa lỗi phát âm', NULL, N'Lần', 1, NULL, N'0', N'1', NULL);
IF NOT EXISTS (SELECT 1 FROM dbo.DM_DichVu WHERE DICHVU_ID = 1121)
  INSERT INTO dbo.DM_DichVu (DICHVU_ID, NHOMDICHVU_ID, MADICHVU, TENDICHVU, TENKHONGDAU, DONVITINH, CAP, CAPTREN_ID, TAMNGUNG, BHYT, THOIGIANTHUCHIEN) VALUES (1121, 4, N'0255', N'Thủy trị liệu có thuốc', NULL, N'Lần', 1, NULL, N'0', N'1', NULL);
IF NOT EXISTS (SELECT 1 FROM dbo.DM_DichVu WHERE DICHVU_ID = 1122)
  INSERT INTO dbo.DM_DichVu (DICHVU_ID, NHOMDICHVU_ID, MADICHVU, TENDICHVU, TENKHONGDAU, DONVITINH, CAP, CAPTREN_ID, TAMNGUNG, BHYT, THOIGIANTHUCHIEN) VALUES (1122, 16, N'0256', N'Siêu âm tuyến giáp', NULL, N'Lần', 1, NULL, N'0', N'1', NULL);
IF NOT EXISTS (SELECT 1 FROM dbo.DM_DichVu WHERE DICHVU_ID = 1123)
  INSERT INTO dbo.DM_DichVu (DICHVU_ID, NHOMDICHVU_ID, MADICHVU, TENDICHVU, TENKHONGDAU, DONVITINH, CAP, CAPTREN_ID, TAMNGUNG, BHYT, THOIGIANTHUCHIEN) VALUES (1123, 16, N'0257', N'Siêu âm Doppler các khối u trong ổ bụng', NULL, N'Lần', 1, NULL, N'0', N'1', NULL);
IF NOT EXISTS (SELECT 1 FROM dbo.DM_DichVu WHERE DICHVU_ID = 1124)
  INSERT INTO dbo.DM_DichVu (DICHVU_ID, NHOMDICHVU_ID, MADICHVU, TENDICHVU, TENKHONGDAU, DONVITINH, CAP, CAPTREN_ID, TAMNGUNG, BHYT, THOIGIANTHUCHIEN) VALUES (1124, 16, N'0258', N'Siêu âm Doppler gan lách', NULL, N'Lần', 1, NULL, N'0', N'1', NULL);
IF NOT EXISTS (SELECT 1 FROM dbo.DM_DichVu WHERE DICHVU_ID = 1125)
  INSERT INTO dbo.DM_DichVu (DICHVU_ID, NHOMDICHVU_ID, MADICHVU, TENDICHVU, TENKHONGDAU, DONVITINH, CAP, CAPTREN_ID, TAMNGUNG, BHYT, THOIGIANTHUCHIEN) VALUES (1125, 16, N'0259', N'Siêu âm khớp (gối, háng, khuỷu, cổ tay….)', NULL, N'Lần', 1, NULL, N'0', N'1', NULL);
IF NOT EXISTS (SELECT 1 FROM dbo.DM_DichVu WHERE DICHVU_ID = 1126)
  INSERT INTO dbo.DM_DichVu (DICHVU_ID, NHOMDICHVU_ID, MADICHVU, TENDICHVU, TENKHONGDAU, DONVITINH, CAP, CAPTREN_ID, TAMNGUNG, BHYT, THOIGIANTHUCHIEN) VALUES (1126, 16, N'0260', N'Siêu âm phần mềm (da, tổ chức dưới da, cơ….)', NULL, N'Lần', 1, NULL, N'0', N'1', NULL);
IF NOT EXISTS (SELECT 1 FROM dbo.DM_DichVu WHERE DICHVU_ID = 1127)
  INSERT INTO dbo.DM_DichVu (DICHVU_ID, NHOMDICHVU_ID, MADICHVU, TENDICHVU, TENKHONGDAU, DONVITINH, CAP, CAPTREN_ID, TAMNGUNG, BHYT, THOIGIANTHUCHIEN) VALUES (1127, 16, N'0261', N'Siêu âm tuyến vú hai bên', NULL, N'Lần', 1, NULL, N'0', N'1', NULL);
IF NOT EXISTS (SELECT 1 FROM dbo.DM_DichVu WHERE DICHVU_ID = 1128)
  INSERT INTO dbo.DM_DichVu (DICHVU_ID, NHOMDICHVU_ID, MADICHVU, TENDICHVU, TENKHONGDAU, DONVITINH, CAP, CAPTREN_ID, TAMNGUNG, BHYT, THOIGIANTHUCHIEN) VALUES (1128, 16, N'0262', N'Siêu âm dương vật', NULL, N'Lần', 1, NULL, N'0', N'1', NULL);
IF NOT EXISTS (SELECT 1 FROM dbo.DM_DichVu WHERE DICHVU_ID = 1129)
  INSERT INTO dbo.DM_DichVu (DICHVU_ID, NHOMDICHVU_ID, MADICHVU, TENDICHVU, TENKHONGDAU, DONVITINH, CAP, CAPTREN_ID, TAMNGUNG, BHYT, THOIGIANTHUCHIEN) VALUES (1129, 8, N'0263', N'Chụp Xquang sọ thẳng/nghiêng', NULL, N'Lần', 1, NULL, N'0', N'1', NULL);
IF NOT EXISTS (SELECT 1 FROM dbo.DM_DichVu WHERE DICHVU_ID = 1130)
  INSERT INTO dbo.DM_DichVu (DICHVU_ID, NHOMDICHVU_ID, MADICHVU, TENDICHVU, TENKHONGDAU, DONVITINH, CAP, CAPTREN_ID, TAMNGUNG, BHYT, THOIGIANTHUCHIEN) VALUES (1130, 8, N'0264', N'Chụp Xquang sọ thẳng/nghiêng', NULL, N'Lần', 1, NULL, N'0', N'1', NULL);
IF NOT EXISTS (SELECT 1 FROM dbo.DM_DichVu WHERE DICHVU_ID = 1131)
  INSERT INTO dbo.DM_DichVu (DICHVU_ID, NHOMDICHVU_ID, MADICHVU, TENDICHVU, TENKHONGDAU, DONVITINH, CAP, CAPTREN_ID, TAMNGUNG, BHYT, THOIGIANTHUCHIEN) VALUES (1131, 8, N'0265', N'Chụp Xquang mặt thẳng nghiêng', NULL, N'Lần', 1, NULL, N'0', N'1', NULL);
IF NOT EXISTS (SELECT 1 FROM dbo.DM_DichVu WHERE DICHVU_ID = 1132)
  INSERT INTO dbo.DM_DichVu (DICHVU_ID, NHOMDICHVU_ID, MADICHVU, TENDICHVU, TENKHONGDAU, DONVITINH, CAP, CAPTREN_ID, TAMNGUNG, BHYT, THOIGIANTHUCHIEN) VALUES (1132, 8, N'0266', N'Chụp Xquang mặt thẳng nghiêng', NULL, N'Lần', 1, NULL, N'0', N'1', NULL);
IF NOT EXISTS (SELECT 1 FROM dbo.DM_DichVu WHERE DICHVU_ID = 1133)
  INSERT INTO dbo.DM_DichVu (DICHVU_ID, NHOMDICHVU_ID, MADICHVU, TENDICHVU, TENKHONGDAU, DONVITINH, CAP, CAPTREN_ID, TAMNGUNG, BHYT, THOIGIANTHUCHIEN) VALUES (1133, 8, N'0267', N'Chụp Xquang mặt thấp hoặc mặt cao', NULL, N'Lần', 1, NULL, N'0', N'1', NULL);
IF NOT EXISTS (SELECT 1 FROM dbo.DM_DichVu WHERE DICHVU_ID = 1134)
  INSERT INTO dbo.DM_DichVu (DICHVU_ID, NHOMDICHVU_ID, MADICHVU, TENDICHVU, TENKHONGDAU, DONVITINH, CAP, CAPTREN_ID, TAMNGUNG, BHYT, THOIGIANTHUCHIEN) VALUES (1134, 8, N'0268', N'Chụp Xquang sọ tiếp tuyến', NULL, N'Lần', 1, NULL, N'0', N'1', NULL);
IF NOT EXISTS (SELECT 1 FROM dbo.DM_DichVu WHERE DICHVU_ID = 1135)
  INSERT INTO dbo.DM_DichVu (DICHVU_ID, NHOMDICHVU_ID, MADICHVU, TENDICHVU, TENKHONGDAU, DONVITINH, CAP, CAPTREN_ID, TAMNGUNG, BHYT, THOIGIANTHUCHIEN) VALUES (1135, 8, N'0269', N'Chụp Xquang hốc mắt thẳng nghiêng', NULL, N'Lần', 1, NULL, N'0', N'1', NULL);
IF NOT EXISTS (SELECT 1 FROM dbo.DM_DichVu WHERE DICHVU_ID = 1136)
  INSERT INTO dbo.DM_DichVu (DICHVU_ID, NHOMDICHVU_ID, MADICHVU, TENDICHVU, TENKHONGDAU, DONVITINH, CAP, CAPTREN_ID, TAMNGUNG, BHYT, THOIGIANTHUCHIEN) VALUES (1136, 8, N'0270', N'Chụp Xquang hốc mắt thẳng nghiêng', NULL, N'Lần', 1, NULL, N'0', N'1', NULL);
IF NOT EXISTS (SELECT 1 FROM dbo.DM_DichVu WHERE DICHVU_ID = 1138)
  INSERT INTO dbo.DM_DichVu (DICHVU_ID, NHOMDICHVU_ID, MADICHVU, TENDICHVU, TENKHONGDAU, DONVITINH, CAP, CAPTREN_ID, TAMNGUNG, BHYT, THOIGIANTHUCHIEN) VALUES (1138, 8, N'0272', N'Chụp Xquang Blondeau', NULL, N'Lần', 1, NULL, N'0', N'1', NULL);
IF NOT EXISTS (SELECT 1 FROM dbo.DM_DichVu WHERE DICHVU_ID = 1139)
  INSERT INTO dbo.DM_DichVu (DICHVU_ID, NHOMDICHVU_ID, MADICHVU, TENDICHVU, TENKHONGDAU, DONVITINH, CAP, CAPTREN_ID, TAMNGUNG, BHYT, THOIGIANTHUCHIEN) VALUES (1139, 8, N'0273', N'Chụp Xquang Hirtz', NULL, N'Lần', 1, NULL, N'0', N'1', NULL);
IF NOT EXISTS (SELECT 1 FROM dbo.DM_DichVu WHERE DICHVU_ID = 1140)
  INSERT INTO dbo.DM_DichVu (DICHVU_ID, NHOMDICHVU_ID, MADICHVU, TENDICHVU, TENKHONGDAU, DONVITINH, CAP, CAPTREN_ID, TAMNGUNG, BHYT, THOIGIANTHUCHIEN) VALUES (1140, 8, N'0274', N'Chụp Xquang hàm chếch một bên', NULL, N'Lần', 1, NULL, N'0', N'1', NULL);
IF NOT EXISTS (SELECT 1 FROM dbo.DM_DichVu WHERE DICHVU_ID = 1141)
  INSERT INTO dbo.DM_DichVu (DICHVU_ID, NHOMDICHVU_ID, MADICHVU, TENDICHVU, TENKHONGDAU, DONVITINH, CAP, CAPTREN_ID, TAMNGUNG, BHYT, THOIGIANTHUCHIEN) VALUES (1141, 8, N'0275', N'Chụp Xquang xương chính mũi nghiêng hoặc tiếp tuyến', NULL, N'Lần', 1, NULL, N'0', N'1', NULL);
IF NOT EXISTS (SELECT 1 FROM dbo.DM_DichVu WHERE DICHVU_ID = 1142)
  INSERT INTO dbo.DM_DichVu (DICHVU_ID, NHOMDICHVU_ID, MADICHVU, TENDICHVU, TENKHONGDAU, DONVITINH, CAP, CAPTREN_ID, TAMNGUNG, BHYT, THOIGIANTHUCHIEN) VALUES (1142, 8, N'0276', N'Chụp Xquang hố yên thẳng hoặc nghiêng', NULL, N'Lần', 1, NULL, N'0', N'1', NULL);
IF NOT EXISTS (SELECT 1 FROM dbo.DM_DichVu WHERE DICHVU_ID = 1143)
  INSERT INTO dbo.DM_DichVu (DICHVU_ID, NHOMDICHVU_ID, MADICHVU, TENDICHVU, TENKHONGDAU, DONVITINH, CAP, CAPTREN_ID, TAMNGUNG, BHYT, THOIGIANTHUCHIEN) VALUES (1143, 8, N'0277', N'Chụp Xquang Chausse III', NULL, N'Lần', 1, NULL, N'0', N'1', NULL);
IF NOT EXISTS (SELECT 1 FROM dbo.DM_DichVu WHERE DICHVU_ID = 1144)
  INSERT INTO dbo.DM_DichVu (DICHVU_ID, NHOMDICHVU_ID, MADICHVU, TENDICHVU, TENKHONGDAU, DONVITINH, CAP, CAPTREN_ID, TAMNGUNG, BHYT, THOIGIANTHUCHIEN) VALUES (1144, 8, N'0278', N'Chụp Xquang Schuller', NULL, N'Lần', 1, NULL, N'0', N'1', NULL);
IF NOT EXISTS (SELECT 1 FROM dbo.DM_DichVu WHERE DICHVU_ID = 1145)
  INSERT INTO dbo.DM_DichVu (DICHVU_ID, NHOMDICHVU_ID, MADICHVU, TENDICHVU, TENKHONGDAU, DONVITINH, CAP, CAPTREN_ID, TAMNGUNG, BHYT, THOIGIANTHUCHIEN) VALUES (1145, 8, N'0279', N'Chụp Xquang Stenvers', NULL, N'Lần', 1, NULL, N'0', N'1', NULL);
IF NOT EXISTS (SELECT 1 FROM dbo.DM_DichVu WHERE DICHVU_ID = 1146)
  INSERT INTO dbo.DM_DichVu (DICHVU_ID, NHOMDICHVU_ID, MADICHVU, TENDICHVU, TENKHONGDAU, DONVITINH, CAP, CAPTREN_ID, TAMNGUNG, BHYT, THOIGIANTHUCHIEN) VALUES (1146, 8, N'0280', N'Chụp Xquang khớp thái dương hàm', NULL, N'Lần', 1, NULL, N'0', N'1', NULL);
IF NOT EXISTS (SELECT 1 FROM dbo.DM_DichVu WHERE DICHVU_ID = 1147)
  INSERT INTO dbo.DM_DichVu (DICHVU_ID, NHOMDICHVU_ID, MADICHVU, TENDICHVU, TENKHONGDAU, DONVITINH, CAP, CAPTREN_ID, TAMNGUNG, BHYT, THOIGIANTHUCHIEN) VALUES (1147, 8, N'0281', N'Chụp Xquang mỏm trâm', NULL, N'Lần', 1, NULL, N'0', N'1', NULL);
IF NOT EXISTS (SELECT 1 FROM dbo.DM_DichVu WHERE DICHVU_ID = 1148)
  INSERT INTO dbo.DM_DichVu (DICHVU_ID, NHOMDICHVU_ID, MADICHVU, TENDICHVU, TENKHONGDAU, DONVITINH, CAP, CAPTREN_ID, TAMNGUNG, BHYT, THOIGIANTHUCHIEN) VALUES (1148, 8, N'0282', N'Chụp Xquang cột sống cổ thẳng nghiêng', NULL, N'Lần', 1, NULL, N'0', N'1', NULL);
IF NOT EXISTS (SELECT 1 FROM dbo.DM_DichVu WHERE DICHVU_ID = 1149)
  INSERT INTO dbo.DM_DichVu (DICHVU_ID, NHOMDICHVU_ID, MADICHVU, TENDICHVU, TENKHONGDAU, DONVITINH, CAP, CAPTREN_ID, TAMNGUNG, BHYT, THOIGIANTHUCHIEN) VALUES (1149, 8, N'0283', N'Chụp Xquang cột sống cổ thẳng nghiêng', NULL, N'Lần', 1, NULL, N'0', N'1', NULL);
IF NOT EXISTS (SELECT 1 FROM dbo.DM_DichVu WHERE DICHVU_ID = 1150)
  INSERT INTO dbo.DM_DichVu (DICHVU_ID, NHOMDICHVU_ID, MADICHVU, TENDICHVU, TENKHONGDAU, DONVITINH, CAP, CAPTREN_ID, TAMNGUNG, BHYT, THOIGIANTHUCHIEN) VALUES (1150, 8, N'0284', N'Chụp Xquang cột sống cổ chếch hai bên', NULL, N'Lần', 1, NULL, N'0', N'1', NULL);
IF NOT EXISTS (SELECT 1 FROM dbo.DM_DichVu WHERE DICHVU_ID = 1151)
  INSERT INTO dbo.DM_DichVu (DICHVU_ID, NHOMDICHVU_ID, MADICHVU, TENDICHVU, TENKHONGDAU, DONVITINH, CAP, CAPTREN_ID, TAMNGUNG, BHYT, THOIGIANTHUCHIEN) VALUES (1151, 8, N'0285', N'Chụp Xquang cột sống cổ chếch hai bên', NULL, N'Lần', 1, NULL, N'0', N'1', NULL);
IF NOT EXISTS (SELECT 1 FROM dbo.DM_DichVu WHERE DICHVU_ID = 1152)
  INSERT INTO dbo.DM_DichVu (DICHVU_ID, NHOMDICHVU_ID, MADICHVU, TENDICHVU, TENKHONGDAU, DONVITINH, CAP, CAPTREN_ID, TAMNGUNG, BHYT, THOIGIANTHUCHIEN) VALUES (1152, 8, N'0286', N'Chụp Xquang cột sống cổ động, nghiêng 3 tư thế', NULL, N'Lần', 1, NULL, N'0', N'1', NULL);
IF NOT EXISTS (SELECT 1 FROM dbo.DM_DichVu WHERE DICHVU_ID = 1153)
  INSERT INTO dbo.DM_DichVu (DICHVU_ID, NHOMDICHVU_ID, MADICHVU, TENDICHVU, TENKHONGDAU, DONVITINH, CAP, CAPTREN_ID, TAMNGUNG, BHYT, THOIGIANTHUCHIEN) VALUES (1153, 8, N'0287', N'Chụp Xquang cột sống cổ C1-C2', NULL, N'Lần', 1, NULL, N'0', N'1', NULL);
IF NOT EXISTS (SELECT 1 FROM dbo.DM_DichVu WHERE DICHVU_ID = 1154)
  INSERT INTO dbo.DM_DichVu (DICHVU_ID, NHOMDICHVU_ID, MADICHVU, TENDICHVU, TENKHONGDAU, DONVITINH, CAP, CAPTREN_ID, TAMNGUNG, BHYT, THOIGIANTHUCHIEN) VALUES (1154, 8, N'0288', N'Chụp Xquang cột sống cổ C1-C2', NULL, N'Lần', 1, NULL, N'0', N'1', NULL);
IF NOT EXISTS (SELECT 1 FROM dbo.DM_DichVu WHERE DICHVU_ID = 1155)
  INSERT INTO dbo.DM_DichVu (DICHVU_ID, NHOMDICHVU_ID, MADICHVU, TENDICHVU, TENKHONGDAU, DONVITINH, CAP, CAPTREN_ID, TAMNGUNG, BHYT, THOIGIANTHUCHIEN) VALUES (1155, 8, N'0289', N'Chụp Xquang cột sống ngực thẳng nghiêng hoặc chếch', NULL, N'Lần', 1, NULL, N'0', N'1', NULL);
IF NOT EXISTS (SELECT 1 FROM dbo.DM_DichVu WHERE DICHVU_ID = 1156)
  INSERT INTO dbo.DM_DichVu (DICHVU_ID, NHOMDICHVU_ID, MADICHVU, TENDICHVU, TENKHONGDAU, DONVITINH, CAP, CAPTREN_ID, TAMNGUNG, BHYT, THOIGIANTHUCHIEN) VALUES (1156, 8, N'0290', N'Chụp Xquang cột sống ngực thẳng nghiêng hoặc chếch', NULL, N'Lần', 1, NULL, N'0', N'1', NULL);
IF NOT EXISTS (SELECT 1 FROM dbo.DM_DichVu WHERE DICHVU_ID = 1157)
  INSERT INTO dbo.DM_DichVu (DICHVU_ID, NHOMDICHVU_ID, MADICHVU, TENDICHVU, TENKHONGDAU, DONVITINH, CAP, CAPTREN_ID, TAMNGUNG, BHYT, THOIGIANTHUCHIEN) VALUES (1157, 8, N'0291', N'Chụp Xquang cột sống thắt lưng thẳng nghiêng', NULL, N'Lần', 1, NULL, N'0', N'1', NULL);
IF NOT EXISTS (SELECT 1 FROM dbo.DM_DichVu WHERE DICHVU_ID = 1158)
  INSERT INTO dbo.DM_DichVu (DICHVU_ID, NHOMDICHVU_ID, MADICHVU, TENDICHVU, TENKHONGDAU, DONVITINH, CAP, CAPTREN_ID, TAMNGUNG, BHYT, THOIGIANTHUCHIEN) VALUES (1158, 8, N'0292', N'Chụp Xquang cột sống thắt lưng thẳng nghiêng', NULL, N'Lần', 1, NULL, N'0', N'1', NULL);
IF NOT EXISTS (SELECT 1 FROM dbo.DM_DichVu WHERE DICHVU_ID = 1159)
  INSERT INTO dbo.DM_DichVu (DICHVU_ID, NHOMDICHVU_ID, MADICHVU, TENDICHVU, TENKHONGDAU, DONVITINH, CAP, CAPTREN_ID, TAMNGUNG, BHYT, THOIGIANTHUCHIEN) VALUES (1159, 8, N'0293', N'Chụp Xquang cột sống thắt lưng chếch hai bên', NULL, N'Lần', 1, NULL, N'0', N'1', NULL);
IF NOT EXISTS (SELECT 1 FROM dbo.DM_DichVu WHERE DICHVU_ID = 1160)
  INSERT INTO dbo.DM_DichVu (DICHVU_ID, NHOMDICHVU_ID, MADICHVU, TENDICHVU, TENKHONGDAU, DONVITINH, CAP, CAPTREN_ID, TAMNGUNG, BHYT, THOIGIANTHUCHIEN) VALUES (1160, 8, N'0294', N'Chụp Xquang cột sống thắt lưng chếch hai bên', NULL, N'Lần', 1, NULL, N'0', N'1', NULL);
IF NOT EXISTS (SELECT 1 FROM dbo.DM_DichVu WHERE DICHVU_ID = 1161)
  INSERT INTO dbo.DM_DichVu (DICHVU_ID, NHOMDICHVU_ID, MADICHVU, TENDICHVU, TENKHONGDAU, DONVITINH, CAP, CAPTREN_ID, TAMNGUNG, BHYT, THOIGIANTHUCHIEN) VALUES (1161, 8, N'0295', N'Chụp Xquang cột sống thắt lưng L5-S1 thẳng nghiêng', NULL, N'Lần', 1, NULL, N'0', N'1', NULL);
IF NOT EXISTS (SELECT 1 FROM dbo.DM_DichVu WHERE DICHVU_ID = 1162)
  INSERT INTO dbo.DM_DichVu (DICHVU_ID, NHOMDICHVU_ID, MADICHVU, TENDICHVU, TENKHONGDAU, DONVITINH, CAP, CAPTREN_ID, TAMNGUNG, BHYT, THOIGIANTHUCHIEN) VALUES (1162, 8, N'0296', N'Chụp Xquang cột sống thắt lưng L5-S1 thẳng nghiêng', NULL, N'Lần', 1, NULL, N'0', N'1', NULL);
IF NOT EXISTS (SELECT 1 FROM dbo.DM_DichVu WHERE DICHVU_ID = 1163)
  INSERT INTO dbo.DM_DichVu (DICHVU_ID, NHOMDICHVU_ID, MADICHVU, TENDICHVU, TENKHONGDAU, DONVITINH, CAP, CAPTREN_ID, TAMNGUNG, BHYT, THOIGIANTHUCHIEN) VALUES (1163, 8, N'0297', N'Chụp Xquang cột sống thắt lưng động, gập ưỡn', NULL, N'Lần', 1, NULL, N'0', N'1', NULL);
IF NOT EXISTS (SELECT 1 FROM dbo.DM_DichVu WHERE DICHVU_ID = 1164)
  INSERT INTO dbo.DM_DichVu (DICHVU_ID, NHOMDICHVU_ID, MADICHVU, TENDICHVU, TENKHONGDAU, DONVITINH, CAP, CAPTREN_ID, TAMNGUNG, BHYT, THOIGIANTHUCHIEN) VALUES (1164, 8, N'0298', N'Chụp Xquang cột sống thắt lưng động, gập ưỡn', NULL, N'Lần', 1, NULL, N'0', N'1', NULL);
IF NOT EXISTS (SELECT 1 FROM dbo.DM_DichVu WHERE DICHVU_ID = 1165)
  INSERT INTO dbo.DM_DichVu (DICHVU_ID, NHOMDICHVU_ID, MADICHVU, TENDICHVU, TENKHONGDAU, DONVITINH, CAP, CAPTREN_ID, TAMNGUNG, BHYT, THOIGIANTHUCHIEN) VALUES (1165, 8, N'0299', N'Chụp Xquang cột sống thắt lưng De Sèze', NULL, N'Lần', 1, NULL, N'0', N'1', NULL);
IF NOT EXISTS (SELECT 1 FROM dbo.DM_DichVu WHERE DICHVU_ID = 1166)
  INSERT INTO dbo.DM_DichVu (DICHVU_ID, NHOMDICHVU_ID, MADICHVU, TENDICHVU, TENKHONGDAU, DONVITINH, CAP, CAPTREN_ID, TAMNGUNG, BHYT, THOIGIANTHUCHIEN) VALUES (1166, 8, N'0300', N'Chụp Xquang cột sống cùng cụt thẳng nghiêng', NULL, N'Lần', 1, NULL, N'0', N'1', NULL);
IF NOT EXISTS (SELECT 1 FROM dbo.DM_DichVu WHERE DICHVU_ID = 1167)
  INSERT INTO dbo.DM_DichVu (DICHVU_ID, NHOMDICHVU_ID, MADICHVU, TENDICHVU, TENKHONGDAU, DONVITINH, CAP, CAPTREN_ID, TAMNGUNG, BHYT, THOIGIANTHUCHIEN) VALUES (1167, 8, N'0301', N'Chụp Xquang cột sống cùng cụt thẳng nghiêng', NULL, N'Lần', 1, NULL, N'0', N'1', NULL);
IF NOT EXISTS (SELECT 1 FROM dbo.DM_DichVu WHERE DICHVU_ID = 1168)
  INSERT INTO dbo.DM_DichVu (DICHVU_ID, NHOMDICHVU_ID, MADICHVU, TENDICHVU, TENKHONGDAU, DONVITINH, CAP, CAPTREN_ID, TAMNGUNG, BHYT, THOIGIANTHUCHIEN) VALUES (1168, 8, N'0302', N'Chụp Xquang khớp cùng chậu thẳng chếch hai bên', NULL, N'Lần', 1, NULL, N'0', N'1', NULL);
IF NOT EXISTS (SELECT 1 FROM dbo.DM_DichVu WHERE DICHVU_ID = 1169)
  INSERT INTO dbo.DM_DichVu (DICHVU_ID, NHOMDICHVU_ID, MADICHVU, TENDICHVU, TENKHONGDAU, DONVITINH, CAP, CAPTREN_ID, TAMNGUNG, BHYT, THOIGIANTHUCHIEN) VALUES (1169, 8, N'0303', N'Chụp Xquang khung chậu thẳng', NULL, N'Lần', 1, NULL, N'0', N'1', NULL);
IF NOT EXISTS (SELECT 1 FROM dbo.DM_DichVu WHERE DICHVU_ID = 1170)
  INSERT INTO dbo.DM_DichVu (DICHVU_ID, NHOMDICHVU_ID, MADICHVU, TENDICHVU, TENKHONGDAU, DONVITINH, CAP, CAPTREN_ID, TAMNGUNG, BHYT, THOIGIANTHUCHIEN) VALUES (1170, 8, N'0304', N'Chụp Xquang xương đòn thẳng hoặc chếch', NULL, N'Lần', 1, NULL, N'0', N'1', NULL);
IF NOT EXISTS (SELECT 1 FROM dbo.DM_DichVu WHERE DICHVU_ID = 1171)
  INSERT INTO dbo.DM_DichVu (DICHVU_ID, NHOMDICHVU_ID, MADICHVU, TENDICHVU, TENKHONGDAU, DONVITINH, CAP, CAPTREN_ID, TAMNGUNG, BHYT, THOIGIANTHUCHIEN) VALUES (1171, 8, N'0305', N'Chụp Xquang khớp vai thẳng', NULL, N'Lần', 1, NULL, N'0', N'1', NULL);
IF NOT EXISTS (SELECT 1 FROM dbo.DM_DichVu WHERE DICHVU_ID = 1172)
  INSERT INTO dbo.DM_DichVu (DICHVU_ID, NHOMDICHVU_ID, MADICHVU, TENDICHVU, TENKHONGDAU, DONVITINH, CAP, CAPTREN_ID, TAMNGUNG, BHYT, THOIGIANTHUCHIEN) VALUES (1172, 8, N'0306', N'Chụp Xquang khớp vai nghiêng hoặc chếch', NULL, N'Lần', 1, NULL, N'0', N'1', NULL);
IF NOT EXISTS (SELECT 1 FROM dbo.DM_DichVu WHERE DICHVU_ID = 1173)
  INSERT INTO dbo.DM_DichVu (DICHVU_ID, NHOMDICHVU_ID, MADICHVU, TENDICHVU, TENKHONGDAU, DONVITINH, CAP, CAPTREN_ID, TAMNGUNG, BHYT, THOIGIANTHUCHIEN) VALUES (1173, 8, N'0307', N'Chụp Xquang xương bả vai thẳng nghiêng', NULL, N'Lần', 1, NULL, N'0', N'1', NULL);
IF NOT EXISTS (SELECT 1 FROM dbo.DM_DichVu WHERE DICHVU_ID = 1174)
  INSERT INTO dbo.DM_DichVu (DICHVU_ID, NHOMDICHVU_ID, MADICHVU, TENDICHVU, TENKHONGDAU, DONVITINH, CAP, CAPTREN_ID, TAMNGUNG, BHYT, THOIGIANTHUCHIEN) VALUES (1174, 8, N'0308', N'Chụp Xquang xương bả vai thẳng nghiêng', NULL, N'Lần', 1, NULL, N'0', N'1', NULL);
IF NOT EXISTS (SELECT 1 FROM dbo.DM_DichVu WHERE DICHVU_ID = 1175)
  INSERT INTO dbo.DM_DichVu (DICHVU_ID, NHOMDICHVU_ID, MADICHVU, TENDICHVU, TENKHONGDAU, DONVITINH, CAP, CAPTREN_ID, TAMNGUNG, BHYT, THOIGIANTHUCHIEN) VALUES (1175, 8, N'0309', N'Chụp Xquang xương cánh tay thẳng nghiêng', NULL, N'Lần', 1, NULL, N'0', N'1', NULL);
IF NOT EXISTS (SELECT 1 FROM dbo.DM_DichVu WHERE DICHVU_ID = 1176)
  INSERT INTO dbo.DM_DichVu (DICHVU_ID, NHOMDICHVU_ID, MADICHVU, TENDICHVU, TENKHONGDAU, DONVITINH, CAP, CAPTREN_ID, TAMNGUNG, BHYT, THOIGIANTHUCHIEN) VALUES (1176, 8, N'0310', N'Chụp Xquang xương cánh tay thẳng nghiêng', NULL, N'Lần', 1, NULL, N'0', N'1', NULL);
IF NOT EXISTS (SELECT 1 FROM dbo.DM_DichVu WHERE DICHVU_ID = 1177)
  INSERT INTO dbo.DM_DichVu (DICHVU_ID, NHOMDICHVU_ID, MADICHVU, TENDICHVU, TENKHONGDAU, DONVITINH, CAP, CAPTREN_ID, TAMNGUNG, BHYT, THOIGIANTHUCHIEN) VALUES (1177, 8, N'0311', N'Chụp Xquang khớp khuỷu thẳng, nghiêng hoặc chếch', NULL, N'Lần', 1, NULL, N'0', N'1', NULL);
IF NOT EXISTS (SELECT 1 FROM dbo.DM_DichVu WHERE DICHVU_ID = 1178)
  INSERT INTO dbo.DM_DichVu (DICHVU_ID, NHOMDICHVU_ID, MADICHVU, TENDICHVU, TENKHONGDAU, DONVITINH, CAP, CAPTREN_ID, TAMNGUNG, BHYT, THOIGIANTHUCHIEN) VALUES (1178, 8, N'0312', N'Chụp Xquang khớp khuỷu thẳng, nghiêng hoặc chếch', NULL, N'Lần', 1, NULL, N'0', N'1', NULL);
IF NOT EXISTS (SELECT 1 FROM dbo.DM_DichVu WHERE DICHVU_ID = 1179)
  INSERT INTO dbo.DM_DichVu (DICHVU_ID, NHOMDICHVU_ID, MADICHVU, TENDICHVU, TENKHONGDAU, DONVITINH, CAP, CAPTREN_ID, TAMNGUNG, BHYT, THOIGIANTHUCHIEN) VALUES (1179, 8, N'0313', N'Chụp Xquang khớp khuỷu gập (Jones hoặc Coyle)', NULL, N'Lần', 1, NULL, N'0', N'1', NULL);
IF NOT EXISTS (SELECT 1 FROM dbo.DM_DichVu WHERE DICHVU_ID = 1180)
  INSERT INTO dbo.DM_DichVu (DICHVU_ID, NHOMDICHVU_ID, MADICHVU, TENDICHVU, TENKHONGDAU, DONVITINH, CAP, CAPTREN_ID, TAMNGUNG, BHYT, THOIGIANTHUCHIEN) VALUES (1180, 8, N'0314', N'Chụp Xquang xương cẳng tay thẳng nghiêng', NULL, N'Lần', 1, NULL, N'0', N'1', NULL);
IF NOT EXISTS (SELECT 1 FROM dbo.DM_DichVu WHERE DICHVU_ID = 1181)
  INSERT INTO dbo.DM_DichVu (DICHVU_ID, NHOMDICHVU_ID, MADICHVU, TENDICHVU, TENKHONGDAU, DONVITINH, CAP, CAPTREN_ID, TAMNGUNG, BHYT, THOIGIANTHUCHIEN) VALUES (1181, 8, N'0315', N'Chụp Xquang xương cẳng tay thẳng nghiêng', NULL, N'Lần', 1, NULL, N'0', N'1', NULL);
IF NOT EXISTS (SELECT 1 FROM dbo.DM_DichVu WHERE DICHVU_ID = 1182)
  INSERT INTO dbo.DM_DichVu (DICHVU_ID, NHOMDICHVU_ID, MADICHVU, TENDICHVU, TENKHONGDAU, DONVITINH, CAP, CAPTREN_ID, TAMNGUNG, BHYT, THOIGIANTHUCHIEN) VALUES (1182, 8, N'0316', N'Chụp Xquang xương cổ tay thẳng, nghiêng hoặc chếch', NULL, N'Lần', 1, NULL, N'0', N'1', NULL);
IF NOT EXISTS (SELECT 1 FROM dbo.DM_DichVu WHERE DICHVU_ID = 1183)
  INSERT INTO dbo.DM_DichVu (DICHVU_ID, NHOMDICHVU_ID, MADICHVU, TENDICHVU, TENKHONGDAU, DONVITINH, CAP, CAPTREN_ID, TAMNGUNG, BHYT, THOIGIANTHUCHIEN) VALUES (1183, 8, N'0317', N'Chụp Xquang xương cổ tay thẳng, nghiêng hoặc chếch', NULL, N'Lần', 1, NULL, N'0', N'1', NULL);
IF NOT EXISTS (SELECT 1 FROM dbo.DM_DichVu WHERE DICHVU_ID = 1184)
  INSERT INTO dbo.DM_DichVu (DICHVU_ID, NHOMDICHVU_ID, MADICHVU, TENDICHVU, TENKHONGDAU, DONVITINH, CAP, CAPTREN_ID, TAMNGUNG, BHYT, THOIGIANTHUCHIEN) VALUES (1184, 8, N'0318', N'Chụp Xquang xương bàn ngón tay thẳng, nghiêng hoặc chếch', NULL, N'Lần', 1, NULL, N'0', N'1', NULL);
IF NOT EXISTS (SELECT 1 FROM dbo.DM_DichVu WHERE DICHVU_ID = 1185)
  INSERT INTO dbo.DM_DichVu (DICHVU_ID, NHOMDICHVU_ID, MADICHVU, TENDICHVU, TENKHONGDAU, DONVITINH, CAP, CAPTREN_ID, TAMNGUNG, BHYT, THOIGIANTHUCHIEN) VALUES (1185, 8, N'0319', N'Chụp Xquang xương bàn ngón tay thẳng, nghiêng hoặc chếch', NULL, N'Lần', 1, NULL, N'0', N'1', NULL);
IF NOT EXISTS (SELECT 1 FROM dbo.DM_DichVu WHERE DICHVU_ID = 1186)
  INSERT INTO dbo.DM_DichVu (DICHVU_ID, NHOMDICHVU_ID, MADICHVU, TENDICHVU, TENKHONGDAU, DONVITINH, CAP, CAPTREN_ID, TAMNGUNG, BHYT, THOIGIANTHUCHIEN) VALUES (1186, 8, N'0320', N'Chụp Xquang khớp háng thẳng hai bên', NULL, N'Lần', 1, NULL, N'0', N'1', NULL);
IF NOT EXISTS (SELECT 1 FROM dbo.DM_DichVu WHERE DICHVU_ID = 1187)
  INSERT INTO dbo.DM_DichVu (DICHVU_ID, NHOMDICHVU_ID, MADICHVU, TENDICHVU, TENKHONGDAU, DONVITINH, CAP, CAPTREN_ID, TAMNGUNG, BHYT, THOIGIANTHUCHIEN) VALUES (1187, 8, N'0321', N'Chụp Xquang khớp háng nghiêng', NULL, N'Lần', 1, NULL, N'0', N'1', NULL);
IF NOT EXISTS (SELECT 1 FROM dbo.DM_DichVu WHERE DICHVU_ID = 1188)
  INSERT INTO dbo.DM_DichVu (DICHVU_ID, NHOMDICHVU_ID, MADICHVU, TENDICHVU, TENKHONGDAU, DONVITINH, CAP, CAPTREN_ID, TAMNGUNG, BHYT, THOIGIANTHUCHIEN) VALUES (1188, 8, N'0322', N'Chụp Xquang xương đùi thẳng nghiêng', NULL, N'Lần', 1, NULL, N'0', N'1', NULL);
IF NOT EXISTS (SELECT 1 FROM dbo.DM_DichVu WHERE DICHVU_ID = 1189)
  INSERT INTO dbo.DM_DichVu (DICHVU_ID, NHOMDICHVU_ID, MADICHVU, TENDICHVU, TENKHONGDAU, DONVITINH, CAP, CAPTREN_ID, TAMNGUNG, BHYT, THOIGIANTHUCHIEN) VALUES (1189, 8, N'0323', N'Chụp Xquang xương đùi thẳng nghiêng', NULL, N'Lần', 1, NULL, N'0', N'1', NULL);
IF NOT EXISTS (SELECT 1 FROM dbo.DM_DichVu WHERE DICHVU_ID = 1190)
  INSERT INTO dbo.DM_DichVu (DICHVU_ID, NHOMDICHVU_ID, MADICHVU, TENDICHVU, TENKHONGDAU, DONVITINH, CAP, CAPTREN_ID, TAMNGUNG, BHYT, THOIGIANTHUCHIEN) VALUES (1190, 8, N'0324', N'Chụp Xquang khớp gối thẳng, nghiêng hoặc chếch', NULL, N'Lần', 1, NULL, N'0', N'1', NULL);
IF NOT EXISTS (SELECT 1 FROM dbo.DM_DichVu WHERE DICHVU_ID = 1191)
  INSERT INTO dbo.DM_DichVu (DICHVU_ID, NHOMDICHVU_ID, MADICHVU, TENDICHVU, TENKHONGDAU, DONVITINH, CAP, CAPTREN_ID, TAMNGUNG, BHYT, THOIGIANTHUCHIEN) VALUES (1191, 8, N'0325', N'Chụp Xquang khớp gối thẳng, nghiêng hoặc chếch', NULL, N'Lần', 1, NULL, N'0', N'1', NULL);
IF NOT EXISTS (SELECT 1 FROM dbo.DM_DichVu WHERE DICHVU_ID = 1192)
  INSERT INTO dbo.DM_DichVu (DICHVU_ID, NHOMDICHVU_ID, MADICHVU, TENDICHVU, TENKHONGDAU, DONVITINH, CAP, CAPTREN_ID, TAMNGUNG, BHYT, THOIGIANTHUCHIEN) VALUES (1192, 8, N'0326', N'Chụp Xquang xương bánh chè và khớp đùi bánh chè', NULL, N'Lần', 1, NULL, N'0', N'1', NULL);
IF NOT EXISTS (SELECT 1 FROM dbo.DM_DichVu WHERE DICHVU_ID = 1193)
  INSERT INTO dbo.DM_DichVu (DICHVU_ID, NHOMDICHVU_ID, MADICHVU, TENDICHVU, TENKHONGDAU, DONVITINH, CAP, CAPTREN_ID, TAMNGUNG, BHYT, THOIGIANTHUCHIEN) VALUES (1193, 8, N'0327', N'Chụp Xquang xương bánh chè và khớp đùi bánh chè', NULL, N'Lần', 1, NULL, N'0', N'1', NULL);
IF NOT EXISTS (SELECT 1 FROM dbo.DM_DichVu WHERE DICHVU_ID = 1194)
  INSERT INTO dbo.DM_DichVu (DICHVU_ID, NHOMDICHVU_ID, MADICHVU, TENDICHVU, TENKHONGDAU, DONVITINH, CAP, CAPTREN_ID, TAMNGUNG, BHYT, THOIGIANTHUCHIEN) VALUES (1194, 8, N'0328', N'Chụp Xquang xương cẳng chân thẳng nghiêng', NULL, N'Lần', 1, NULL, N'0', N'1', NULL);
IF NOT EXISTS (SELECT 1 FROM dbo.DM_DichVu WHERE DICHVU_ID = 1195)
  INSERT INTO dbo.DM_DichVu (DICHVU_ID, NHOMDICHVU_ID, MADICHVU, TENDICHVU, TENKHONGDAU, DONVITINH, CAP, CAPTREN_ID, TAMNGUNG, BHYT, THOIGIANTHUCHIEN) VALUES (1195, 8, N'0329', N'Chụp Xquang xương cẳng chân thẳng nghiêng', NULL, N'Lần', 1, NULL, N'0', N'1', NULL);
IF NOT EXISTS (SELECT 1 FROM dbo.DM_DichVu WHERE DICHVU_ID = 1196)
  INSERT INTO dbo.DM_DichVu (DICHVU_ID, NHOMDICHVU_ID, MADICHVU, TENDICHVU, TENKHONGDAU, DONVITINH, CAP, CAPTREN_ID, TAMNGUNG, BHYT, THOIGIANTHUCHIEN) VALUES (1196, 8, N'0330', N'Chụp Xquang xương cổ chân thẳng, nghiêng hoặc chếch', NULL, N'Lần', 1, NULL, N'0', N'1', NULL);
IF NOT EXISTS (SELECT 1 FROM dbo.DM_DichVu WHERE DICHVU_ID = 1197)
  INSERT INTO dbo.DM_DichVu (DICHVU_ID, NHOMDICHVU_ID, MADICHVU, TENDICHVU, TENKHONGDAU, DONVITINH, CAP, CAPTREN_ID, TAMNGUNG, BHYT, THOIGIANTHUCHIEN) VALUES (1197, 8, N'0331', N'Chụp Xquang xương cổ chân thẳng, nghiêng hoặc chếch', NULL, N'Lần', 1, NULL, N'0', N'1', NULL);
IF NOT EXISTS (SELECT 1 FROM dbo.DM_DichVu WHERE DICHVU_ID = 1198)
  INSERT INTO dbo.DM_DichVu (DICHVU_ID, NHOMDICHVU_ID, MADICHVU, TENDICHVU, TENKHONGDAU, DONVITINH, CAP, CAPTREN_ID, TAMNGUNG, BHYT, THOIGIANTHUCHIEN) VALUES (1198, 8, N'0332', N'Chụp Xquang xương bàn, ngón chân thẳng, nghiêng hoặc chếch', NULL, N'Lần', 1, NULL, N'0', N'1', NULL);
IF NOT EXISTS (SELECT 1 FROM dbo.DM_DichVu WHERE DICHVU_ID = 1199)
  INSERT INTO dbo.DM_DichVu (DICHVU_ID, NHOMDICHVU_ID, MADICHVU, TENDICHVU, TENKHONGDAU, DONVITINH, CAP, CAPTREN_ID, TAMNGUNG, BHYT, THOIGIANTHUCHIEN) VALUES (1199, 8, N'0333', N'Chụp Xquang xương bàn, ngón chân thẳng, nghiêng hoặc chếch', NULL, N'Lần', 1, NULL, N'0', N'1', NULL);
IF NOT EXISTS (SELECT 1 FROM dbo.DM_DichVu WHERE DICHVU_ID = 1200)
  INSERT INTO dbo.DM_DichVu (DICHVU_ID, NHOMDICHVU_ID, MADICHVU, TENDICHVU, TENKHONGDAU, DONVITINH, CAP, CAPTREN_ID, TAMNGUNG, BHYT, THOIGIANTHUCHIEN) VALUES (1200, 8, N'0334', N'Chụp Xquang xương gót thẳng nghiêng', NULL, N'Lần', 1, NULL, N'0', N'1', NULL);
IF NOT EXISTS (SELECT 1 FROM dbo.DM_DichVu WHERE DICHVU_ID = 1201)
  INSERT INTO dbo.DM_DichVu (DICHVU_ID, NHOMDICHVU_ID, MADICHVU, TENDICHVU, TENKHONGDAU, DONVITINH, CAP, CAPTREN_ID, TAMNGUNG, BHYT, THOIGIANTHUCHIEN) VALUES (1201, 8, N'0335', N'Chụp Xquang xương gót thẳng nghiêng', NULL, N'Lần', 1, NULL, N'0', N'1', NULL);
IF NOT EXISTS (SELECT 1 FROM dbo.DM_DichVu WHERE DICHVU_ID = 1202)
  INSERT INTO dbo.DM_DichVu (DICHVU_ID, NHOMDICHVU_ID, MADICHVU, TENDICHVU, TENKHONGDAU, DONVITINH, CAP, CAPTREN_ID, TAMNGUNG, BHYT, THOIGIANTHUCHIEN) VALUES (1202, 8, N'0336', N'Chụp Xquang toàn bộ chi dưới thẳng', NULL, N'Lần', 1, NULL, N'0', N'1', NULL);
IF NOT EXISTS (SELECT 1 FROM dbo.DM_DichVu WHERE DICHVU_ID = 1203)
  INSERT INTO dbo.DM_DichVu (DICHVU_ID, NHOMDICHVU_ID, MADICHVU, TENDICHVU, TENKHONGDAU, DONVITINH, CAP, CAPTREN_ID, TAMNGUNG, BHYT, THOIGIANTHUCHIEN) VALUES (1203, 8, N'0337', N'Chụp Xquang ngực thẳng
', NULL, N'Lần', 1, NULL, N'0', N'1', NULL);
IF NOT EXISTS (SELECT 1 FROM dbo.DM_DichVu WHERE DICHVU_ID = 1204)
  INSERT INTO dbo.DM_DichVu (DICHVU_ID, NHOMDICHVU_ID, MADICHVU, TENDICHVU, TENKHONGDAU, DONVITINH, CAP, CAPTREN_ID, TAMNGUNG, BHYT, THOIGIANTHUCHIEN) VALUES (1204, 8, N'0338', N'Chụp Xquang ngực nghiêng hoặc chếch mỗi bên', NULL, N'Lần', 1, NULL, N'0', N'1', NULL);
IF NOT EXISTS (SELECT 1 FROM dbo.DM_DichVu WHERE DICHVU_ID = 1205)
  INSERT INTO dbo.DM_DichVu (DICHVU_ID, NHOMDICHVU_ID, MADICHVU, TENDICHVU, TENKHONGDAU, DONVITINH, CAP, CAPTREN_ID, TAMNGUNG, BHYT, THOIGIANTHUCHIEN) VALUES (1205, 8, N'0339', N'Chụp Xquang xương ức thẳng, nghiêng', NULL, N'Lần', 1, NULL, N'0', N'1', NULL);
IF NOT EXISTS (SELECT 1 FROM dbo.DM_DichVu WHERE DICHVU_ID = 1206)
  INSERT INTO dbo.DM_DichVu (DICHVU_ID, NHOMDICHVU_ID, MADICHVU, TENDICHVU, TENKHONGDAU, DONVITINH, CAP, CAPTREN_ID, TAMNGUNG, BHYT, THOIGIANTHUCHIEN) VALUES (1206, 8, N'0340', N'Chụp Xquang xương ức thẳng, nghiêng', NULL, N'Lần', 1, NULL, N'0', N'1', NULL);
IF NOT EXISTS (SELECT 1 FROM dbo.DM_DichVu WHERE DICHVU_ID = 1207)
  INSERT INTO dbo.DM_DichVu (DICHVU_ID, NHOMDICHVU_ID, MADICHVU, TENDICHVU, TENKHONGDAU, DONVITINH, CAP, CAPTREN_ID, TAMNGUNG, BHYT, THOIGIANTHUCHIEN) VALUES (1207, 8, N'0341', N'Chụp Xquang khớp ức đòn thẳng chếch', NULL, N'Lần', 1, NULL, N'0', N'1', NULL);
IF NOT EXISTS (SELECT 1 FROM dbo.DM_DichVu WHERE DICHVU_ID = 1208)
  INSERT INTO dbo.DM_DichVu (DICHVU_ID, NHOMDICHVU_ID, MADICHVU, TENDICHVU, TENKHONGDAU, DONVITINH, CAP, CAPTREN_ID, TAMNGUNG, BHYT, THOIGIANTHUCHIEN) VALUES (1208, 8, N'0342', N'Chụp Xquang khớp ức đòn thẳng chếch', NULL, N'Lần', 1, NULL, N'0', N'1', NULL);
IF NOT EXISTS (SELECT 1 FROM dbo.DM_DichVu WHERE DICHVU_ID = 1209)
  INSERT INTO dbo.DM_DichVu (DICHVU_ID, NHOMDICHVU_ID, MADICHVU, TENDICHVU, TENKHONGDAU, DONVITINH, CAP, CAPTREN_ID, TAMNGUNG, BHYT, THOIGIANTHUCHIEN) VALUES (1209, 8, N'0343', N'Chụp Xquang đỉnh phổi ưỡn
', NULL, N'Lần', 1, NULL, N'0', N'1', NULL);
IF NOT EXISTS (SELECT 1 FROM dbo.DM_DichVu WHERE DICHVU_ID = 1210)
  INSERT INTO dbo.DM_DichVu (DICHVU_ID, NHOMDICHVU_ID, MADICHVU, TENDICHVU, TENKHONGDAU, DONVITINH, CAP, CAPTREN_ID, TAMNGUNG, BHYT, THOIGIANTHUCHIEN) VALUES (1210, 8, N'0344', N'Chụp Xquang thực quản cổ nghiêng', NULL, N'Lần', 1, NULL, N'0', N'1', NULL);
IF NOT EXISTS (SELECT 1 FROM dbo.DM_DichVu WHERE DICHVU_ID = 1211)
  INSERT INTO dbo.DM_DichVu (DICHVU_ID, NHOMDICHVU_ID, MADICHVU, TENDICHVU, TENKHONGDAU, DONVITINH, CAP, CAPTREN_ID, TAMNGUNG, BHYT, THOIGIANTHUCHIEN) VALUES (1211, 8, N'0345', N'Chụp Xquang bụng không chuẩn bị thẳng hoặc nghiêng', NULL, N'Lần', 1, NULL, N'0', N'1', NULL);
IF NOT EXISTS (SELECT 1 FROM dbo.DM_DichVu WHERE DICHVU_ID = 1212)
  INSERT INTO dbo.DM_DichVu (DICHVU_ID, NHOMDICHVU_ID, MADICHVU, TENDICHVU, TENKHONGDAU, DONVITINH, CAP, CAPTREN_ID, TAMNGUNG, BHYT, THOIGIANTHUCHIEN) VALUES (1212, 8, N'0346', N'Chụp Xquang phim đo sọ thẳng, nghiêng (Cephalometric)', NULL, N'Lần', 1, NULL, N'0', N'1', NULL);
IF NOT EXISTS (SELECT 1 FROM dbo.DM_DichVu WHERE DICHVU_ID = 1213)
  INSERT INTO dbo.DM_DichVu (DICHVU_ID, NHOMDICHVU_ID, MADICHVU, TENDICHVU, TENKHONGDAU, DONVITINH, CAP, CAPTREN_ID, TAMNGUNG, BHYT, THOIGIANTHUCHIEN) VALUES (1213, 8, N'0347', N'Chụp Xquang phim đo sọ thẳng, nghiêng (Cephalometric)', NULL, N'Lần', 1, NULL, N'0', N'1', NULL);
IF NOT EXISTS (SELECT 1 FROM dbo.DM_DichVu WHERE DICHVU_ID = 1215)
  INSERT INTO dbo.DM_DichVu (DICHVU_ID, NHOMDICHVU_ID, MADICHVU, TENDICHVU, TENKHONGDAU, DONVITINH, CAP, CAPTREN_ID, TAMNGUNG, BHYT, THOIGIANTHUCHIEN) VALUES (1215, 1019, N'0349', N'Ghi điện não đồ thông thường', NULL, N'Lần', 1, NULL, N'0', N'1', NULL);
IF NOT EXISTS (SELECT 1 FROM dbo.DM_DichVu WHERE DICHVU_ID = 1216)
  INSERT INTO dbo.DM_DichVu (DICHVU_ID, NHOMDICHVU_ID, MADICHVU, TENDICHVU, TENKHONGDAU, DONVITINH, CAP, CAPTREN_ID, TAMNGUNG, BHYT, THOIGIANTHUCHIEN) VALUES (1216, 13, N'0350', N'Thời gian máu chảy phương pháp Duke', NULL, N'Phút', 1, NULL, N'0', N'1', NULL);
IF NOT EXISTS (SELECT 1 FROM dbo.DM_DichVu WHERE DICHVU_ID = 1217)
  INSERT INTO dbo.DM_DichVu (DICHVU_ID, NHOMDICHVU_ID, MADICHVU, TENDICHVU, TENKHONGDAU, DONVITINH, CAP, CAPTREN_ID, TAMNGUNG, BHYT, THOIGIANTHUCHIEN) VALUES (1217, 13, N'0351', N'Tổng phân tích tế bào máu ngoại vi (bằng máy đếm tổng trở)', NULL, N'', 1, NULL, N'0', N'1', NULL);
IF NOT EXISTS (SELECT 1 FROM dbo.DM_DichVu WHERE DICHVU_ID = 1219)
  INSERT INTO dbo.DM_DichVu (DICHVU_ID, NHOMDICHVU_ID, MADICHVU, TENDICHVU, TENKHONGDAU, DONVITINH, CAP, CAPTREN_ID, TAMNGUNG, BHYT, THOIGIANTHUCHIEN) VALUES (1219, 13, N'0353', N'Máu lắng (bằng máy tự động)', NULL, N'', 1, NULL, N'0', N'1', NULL);
IF NOT EXISTS (SELECT 1 FROM dbo.DM_DichVu WHERE DICHVU_ID = 1220)
  INSERT INTO dbo.DM_DichVu (DICHVU_ID, NHOMDICHVU_ID, MADICHVU, TENDICHVU, TENKHONGDAU, DONVITINH, CAP, CAPTREN_ID, TAMNGUNG, BHYT, THOIGIANTHUCHIEN) VALUES (1220, 18, N'0354', N'Xét nghiệm tế bào cặn nước tiểu (bằng phương pháp thủ công)', NULL, N'', 1, NULL, N'0', N'1', NULL);
IF NOT EXISTS (SELECT 1 FROM dbo.DM_DichVu WHERE DICHVU_ID = 1223)
  INSERT INTO dbo.DM_DichVu (DICHVU_ID, NHOMDICHVU_ID, MADICHVU, TENDICHVU, TENKHONGDAU, DONVITINH, CAP, CAPTREN_ID, TAMNGUNG, BHYT, THOIGIANTHUCHIEN) VALUES (1223, 10, N'0357', N'Định lượng Acid Uric [Máu]', NULL, N'μmol/ L', 1, NULL, N'0', N'1', NULL);
IF NOT EXISTS (SELECT 1 FROM dbo.DM_DichVu WHERE DICHVU_ID = 1224)
  INSERT INTO dbo.DM_DichVu (DICHVU_ID, NHOMDICHVU_ID, MADICHVU, TENDICHVU, TENKHONGDAU, DONVITINH, CAP, CAPTREN_ID, TAMNGUNG, BHYT, THOIGIANTHUCHIEN) VALUES (1224, 10, N'0358', N'Đo hoạt độ ALT (GPT) [Máu]', NULL, N'U/L - 37oC', 1, NULL, N'0', N'1', NULL);
IF NOT EXISTS (SELECT 1 FROM dbo.DM_DichVu WHERE DICHVU_ID = 1225)
  INSERT INTO dbo.DM_DichVu (DICHVU_ID, NHOMDICHVU_ID, MADICHVU, TENDICHVU, TENKHONGDAU, DONVITINH, CAP, CAPTREN_ID, TAMNGUNG, BHYT, THOIGIANTHUCHIEN) VALUES (1225, 10, N'0359', N'Đo hoạt độ AST (GOT) [Máu]', NULL, N'U/L - 37oC', 1, NULL, N'0', N'1', NULL);
IF NOT EXISTS (SELECT 1 FROM dbo.DM_DichVu WHERE DICHVU_ID = 1226)
  INSERT INTO dbo.DM_DichVu (DICHVU_ID, NHOMDICHVU_ID, MADICHVU, TENDICHVU, TENKHONGDAU, DONVITINH, CAP, CAPTREN_ID, TAMNGUNG, BHYT, THOIGIANTHUCHIEN) VALUES (1226, 10, N'0360', N'Định lượng Bilirubin trực tiếp [Máu]', NULL, N'μmol/ L', 1, NULL, N'0', N'1', NULL);
IF NOT EXISTS (SELECT 1 FROM dbo.DM_DichVu WHERE DICHVU_ID = 1227)
  INSERT INTO dbo.DM_DichVu (DICHVU_ID, NHOMDICHVU_ID, MADICHVU, TENDICHVU, TENKHONGDAU, DONVITINH, CAP, CAPTREN_ID, TAMNGUNG, BHYT, THOIGIANTHUCHIEN) VALUES (1227, 10, N'0361', N'Định lượng Bilirubin gián tiếp [Máu]', NULL, N'μmol/ L', 1, NULL, N'0', N'1', NULL);
IF NOT EXISTS (SELECT 1 FROM dbo.DM_DichVu WHERE DICHVU_ID = 1228)
  INSERT INTO dbo.DM_DichVu (DICHVU_ID, NHOMDICHVU_ID, MADICHVU, TENDICHVU, TENKHONGDAU, DONVITINH, CAP, CAPTREN_ID, TAMNGUNG, BHYT, THOIGIANTHUCHIEN) VALUES (1228, 10, N'0362', N'Định lượng Bilirubin toàn phần [Máu]', NULL, N'μmol/ L', 1, NULL, N'0', N'1', NULL);
IF NOT EXISTS (SELECT 1 FROM dbo.DM_DichVu WHERE DICHVU_ID = 1229)
  INSERT INTO dbo.DM_DichVu (DICHVU_ID, NHOMDICHVU_ID, MADICHVU, TENDICHVU, TENKHONGDAU, DONVITINH, CAP, CAPTREN_ID, TAMNGUNG, BHYT, THOIGIANTHUCHIEN) VALUES (1229, 10, N'0363', N'Định lượng Calci toàn phần [Máu]', NULL, N'mmol/ L', 1, NULL, N'0', N'1', NULL);
IF NOT EXISTS (SELECT 1 FROM dbo.DM_DichVu WHERE DICHVU_ID = 1230)
  INSERT INTO dbo.DM_DichVu (DICHVU_ID, NHOMDICHVU_ID, MADICHVU, TENDICHVU, TENKHONGDAU, DONVITINH, CAP, CAPTREN_ID, TAMNGUNG, BHYT, THOIGIANTHUCHIEN) VALUES (1230, 10, N'0364', N'Định lượng Cholesterol toàn phần (máu)', NULL, N'mmol/ L', 1, NULL, N'0', N'1', NULL);
IF NOT EXISTS (SELECT 1 FROM dbo.DM_DichVu WHERE DICHVU_ID = 1231)
  INSERT INTO dbo.DM_DichVu (DICHVU_ID, NHOMDICHVU_ID, MADICHVU, TENDICHVU, TENKHONGDAU, DONVITINH, CAP, CAPTREN_ID, TAMNGUNG, BHYT, THOIGIANTHUCHIEN) VALUES (1231, 10, N'0365', N'Định lượng Creatinin (máu)', NULL, N'µmol/ L', 1, NULL, N'0', N'1', NULL);
IF NOT EXISTS (SELECT 1 FROM dbo.DM_DichVu WHERE DICHVU_ID = 1232)
  INSERT INTO dbo.DM_DichVu (DICHVU_ID, NHOMDICHVU_ID, MADICHVU, TENDICHVU, TENKHONGDAU, DONVITINH, CAP, CAPTREN_ID, TAMNGUNG, BHYT, THOIGIANTHUCHIEN) VALUES (1232, 10, N'0366', N'Định lượng Glucose [Máu]', NULL, N'mmol/ L', 1, NULL, N'0', N'1', NULL);
IF NOT EXISTS (SELECT 1 FROM dbo.DM_DichVu WHERE DICHVU_ID = 1233)
  INSERT INTO dbo.DM_DichVu (DICHVU_ID, NHOMDICHVU_ID, MADICHVU, TENDICHVU, TENKHONGDAU, DONVITINH, CAP, CAPTREN_ID, TAMNGUNG, BHYT, THOIGIANTHUCHIEN) VALUES (1233, 10, N'0367', N'Đo hoạt độ GGT (Gama Glutamyl Transferase) [Máu]', NULL, N'U/l 37oC', 1, NULL, N'0', N'1', NULL);
IF NOT EXISTS (SELECT 1 FROM dbo.DM_DichVu WHERE DICHVU_ID = 1234)
  INSERT INTO dbo.DM_DichVu (DICHVU_ID, NHOMDICHVU_ID, MADICHVU, TENDICHVU, TENKHONGDAU, DONVITINH, CAP, CAPTREN_ID, TAMNGUNG, BHYT, THOIGIANTHUCHIEN) VALUES (1234, 10, N'0368', N'Định lượng HbA1c [Máu]', NULL, N'%', 1, NULL, N'0', N'1', NULL);
IF NOT EXISTS (SELECT 1 FROM dbo.DM_DichVu WHERE DICHVU_ID = 1235)
  INSERT INTO dbo.DM_DichVu (DICHVU_ID, NHOMDICHVU_ID, MADICHVU, TENDICHVU, TENKHONGDAU, DONVITINH, CAP, CAPTREN_ID, TAMNGUNG, BHYT, THOIGIANTHUCHIEN) VALUES (1235, 10, N'0369', N'Định lượng HDL-C (High density lipoprotein Cholesterol) [Máu]', NULL, N'mmol/ L', 1, NULL, N'0', N'1', NULL);
IF NOT EXISTS (SELECT 1 FROM dbo.DM_DichVu WHERE DICHVU_ID = 1236)
  INSERT INTO dbo.DM_DichVu (DICHVU_ID, NHOMDICHVU_ID, MADICHVU, TENDICHVU, TENKHONGDAU, DONVITINH, CAP, CAPTREN_ID, TAMNGUNG, BHYT, THOIGIANTHUCHIEN) VALUES (1236, 10, N'0370', N'Định lượng LDL - C (Low density lipoprotein Cholesterol) [Máu]', NULL, N'mmol/ L', 1, NULL, N'0', N'0', NULL);
IF NOT EXISTS (SELECT 1 FROM dbo.DM_DichVu WHERE DICHVU_ID = 1237)
  INSERT INTO dbo.DM_DichVu (DICHVU_ID, NHOMDICHVU_ID, MADICHVU, TENDICHVU, TENKHONGDAU, DONVITINH, CAP, CAPTREN_ID, TAMNGUNG, BHYT, THOIGIANTHUCHIEN) VALUES (1237, 10, N'0371', N'Định lượng Protein toàn phần [Máu]', NULL, N'g/L', 1, NULL, N'0', N'1', NULL);
IF NOT EXISTS (SELECT 1 FROM dbo.DM_DichVu WHERE DICHVU_ID = 1238)
  INSERT INTO dbo.DM_DichVu (DICHVU_ID, NHOMDICHVU_ID, MADICHVU, TENDICHVU, TENKHONGDAU, DONVITINH, CAP, CAPTREN_ID, TAMNGUNG, BHYT, THOIGIANTHUCHIEN) VALUES (1238, 10, N'0372', N'Định lượng Albumin [Máu]', NULL, N'g/L', 1, NULL, N'0', N'1', NULL);
IF NOT EXISTS (SELECT 1 FROM dbo.DM_DichVu WHERE DICHVU_ID = 1239)
  INSERT INTO dbo.DM_DichVu (DICHVU_ID, NHOMDICHVU_ID, MADICHVU, TENDICHVU, TENKHONGDAU, DONVITINH, CAP, CAPTREN_ID, TAMNGUNG, BHYT, THOIGIANTHUCHIEN) VALUES (1239, 10, N'0373', N'Định lượng Triglycerid (máu) [Máu]', NULL, N'mmol/ L', 1, NULL, N'0', N'1', NULL);
IF NOT EXISTS (SELECT 1 FROM dbo.DM_DichVu WHERE DICHVU_ID = 1240)
  INSERT INTO dbo.DM_DichVu (DICHVU_ID, NHOMDICHVU_ID, MADICHVU, TENDICHVU, TENKHONGDAU, DONVITINH, CAP, CAPTREN_ID, TAMNGUNG, BHYT, THOIGIANTHUCHIEN) VALUES (1240, 10, N'0374', N'Định lượng Urê máu [Máu]', NULL, N'mmol/L', 1, NULL, N'0', N'1', NULL);
IF NOT EXISTS (SELECT 1 FROM dbo.DM_DichVu WHERE DICHVU_ID = 1242)
  INSERT INTO dbo.DM_DichVu (DICHVU_ID, NHOMDICHVU_ID, MADICHVU, TENDICHVU, TENKHONGDAU, DONVITINH, CAP, CAPTREN_ID, TAMNGUNG, BHYT, THOIGIANTHUCHIEN) VALUES (1242, 18, N'0376', N'Tổng phân tích nước tiểu (Bằng máy tự động)', NULL, N'Lần', 1, NULL, N'0', N'1', NULL);
IF NOT EXISTS (SELECT 1 FROM dbo.DM_DichVu WHERE DICHVU_ID = 1244)
  INSERT INTO dbo.DM_DichVu (DICHVU_ID, NHOMDICHVU_ID, MADICHVU, TENDICHVU, TENKHONGDAU, DONVITINH, CAP, CAPTREN_ID, TAMNGUNG, BHYT, THOIGIANTHUCHIEN) VALUES (1244, 9, N'0378', N'Hồng cầu, bạch cầu trong phân soi tươi', NULL, N'Lâ`n', 1, NULL, N'0', N'1', NULL);
IF NOT EXISTS (SELECT 1 FROM dbo.DM_DichVu WHERE DICHVU_ID = 1245)
  INSERT INTO dbo.DM_DichVu (DICHVU_ID, NHOMDICHVU_ID, MADICHVU, TENDICHVU, TENKHONGDAU, DONVITINH, CAP, CAPTREN_ID, TAMNGUNG, BHYT, THOIGIANTHUCHIEN) VALUES (1245, 9, N'0379', N'Đơn bào đường ruột soi tươi', NULL, N'Lâ`n', 1, NULL, N'0', N'1', NULL);
IF NOT EXISTS (SELECT 1 FROM dbo.DM_DichVu WHERE DICHVU_ID = 1247)
  INSERT INTO dbo.DM_DichVu (DICHVU_ID, NHOMDICHVU_ID, MADICHVU, TENDICHVU, TENKHONGDAU, DONVITINH, CAP, CAPTREN_ID, TAMNGUNG, BHYT, THOIGIANTHUCHIEN) VALUES (1247, 9, N'0381', N'Trứng giun, sán soi tươi', NULL, N'Lâ`n', 1, NULL, N'0', N'1', NULL);
IF NOT EXISTS (SELECT 1 FROM dbo.DM_DichVu WHERE DICHVU_ID = 1250)
  INSERT INTO dbo.DM_DichVu (DICHVU_ID, NHOMDICHVU_ID, MADICHVU, TENDICHVU, TENKHONGDAU, DONVITINH, CAP, CAPTREN_ID, TAMNGUNG, BHYT, THOIGIANTHUCHIEN) VALUES (1250, 4, N'0384', N'Laser châm', NULL, N'Lần', 1, NULL, N'0', N'1', NULL);
IF NOT EXISTS (SELECT 1 FROM dbo.DM_DichVu WHERE DICHVU_ID = 1251)
  INSERT INTO dbo.DM_DichVu (DICHVU_ID, NHOMDICHVU_ID, MADICHVU, TENDICHVU, TENKHONGDAU, DONVITINH, CAP, CAPTREN_ID, TAMNGUNG, BHYT, THOIGIANTHUCHIEN) VALUES (1251, 4, N'0385', N'Điều trị bằng Laser công suất thấp nội mạch', NULL, N'Lần', 1, NULL, N'0', N'1', NULL);
IF NOT EXISTS (SELECT 1 FROM dbo.DM_DichVu WHERE DICHVU_ID = 1252)
  INSERT INTO dbo.DM_DichVu (DICHVU_ID, NHOMDICHVU_ID, MADICHVU, TENDICHVU, TENKHONGDAU, DONVITINH, CAP, CAPTREN_ID, TAMNGUNG, BHYT, THOIGIANTHUCHIEN) VALUES (1252, 4, N'0386', N'Phục hồi chức năng xương chậu của sản phụ sau sinh đẻ', NULL, N'Lần', 1, NULL, N'0', N'1', NULL);
IF NOT EXISTS (SELECT 1 FROM dbo.DM_DichVu WHERE DICHVU_ID = 1253)
  INSERT INTO dbo.DM_DichVu (DICHVU_ID, NHOMDICHVU_ID, MADICHVU, TENDICHVU, TENKHONGDAU, DONVITINH, CAP, CAPTREN_ID, TAMNGUNG, BHYT, THOIGIANTHUCHIEN) VALUES (1253, 4, N'0387', N'Tập do cứng khớp', NULL, N'Lần', 1, NULL, N'0', N'1', NULL);
IF NOT EXISTS (SELECT 1 FROM dbo.DM_DichVu WHERE DICHVU_ID = 1254)
  INSERT INTO dbo.DM_DichVu (DICHVU_ID, NHOMDICHVU_ID, MADICHVU, TENDICHVU, TENKHONGDAU, DONVITINH, CAP, CAPTREN_ID, TAMNGUNG, BHYT, THOIGIANTHUCHIEN) VALUES (1254, 4, N'0388', N'Tập do liệt ngoại biên', NULL, N'Lần', 1, NULL, N'0', N'0', NULL);
IF NOT EXISTS (SELECT 1 FROM dbo.DM_DichVu WHERE DICHVU_ID = 1255)
  INSERT INTO dbo.DM_DichVu (DICHVU_ID, NHOMDICHVU_ID, MADICHVU, TENDICHVU, TENKHONGDAU, DONVITINH, CAP, CAPTREN_ID, TAMNGUNG, BHYT, THOIGIANTHUCHIEN) VALUES (1255, 4, N'0389', N'Tập nuốt (có sử dụng máy)', NULL, N'Lần', 1, NULL, N'0', N'1', NULL);
IF NOT EXISTS (SELECT 1 FROM dbo.DM_DichVu WHERE DICHVU_ID = 1256)
  INSERT INTO dbo.DM_DichVu (DICHVU_ID, NHOMDICHVU_ID, MADICHVU, TENDICHVU, TENKHONGDAU, DONVITINH, CAP, CAPTREN_ID, TAMNGUNG, BHYT, THOIGIANTHUCHIEN) VALUES (1256, 4, N'0390', N'Điều trị bằng điện vi dòng', NULL, N'Lần', 1, NULL, N'0', N'1', NULL);
IF NOT EXISTS (SELECT 1 FROM dbo.DM_DichVu WHERE DICHVU_ID = 1257)
  INSERT INTO dbo.DM_DichVu (DICHVU_ID, NHOMDICHVU_ID, MADICHVU, TENDICHVU, TENKHONGDAU, DONVITINH, CAP, CAPTREN_ID, TAMNGUNG, BHYT, THOIGIANTHUCHIEN) VALUES (1257, 4, N'0391', N'Xông khói thuốc', NULL, N'Lần', 1, NULL, N'0', N'1', NULL);
IF NOT EXISTS (SELECT 1 FROM dbo.DM_DichVu WHERE DICHVU_ID = 1258)
  INSERT INTO dbo.DM_DichVu (DICHVU_ID, NHOMDICHVU_ID, MADICHVU, TENDICHVU, TENKHONGDAU, DONVITINH, CAP, CAPTREN_ID, TAMNGUNG, BHYT, THOIGIANTHUCHIEN) VALUES (1258, 4, N'0392', N'Xông thuốc bằng máy', NULL, N'Lần', 1, NULL, N'0', N'1', NULL);
IF NOT EXISTS (SELECT 1 FROM dbo.DM_DichVu WHERE DICHVU_ID = 1259)
  INSERT INTO dbo.DM_DichVu (DICHVU_ID, NHOMDICHVU_ID, MADICHVU, TENDICHVU, TENKHONGDAU, DONVITINH, CAP, CAPTREN_ID, TAMNGUNG, BHYT, THOIGIANTHUCHIEN) VALUES (1259, 4, N'0393', N'Vật lý trị liệu chỉnh hình', NULL, N'Lần', 1, NULL, N'0', N'0', NULL);
IF NOT EXISTS (SELECT 1 FROM dbo.DM_DichVu WHERE DICHVU_ID = 1260)
  INSERT INTO dbo.DM_DichVu (DICHVU_ID, NHOMDICHVU_ID, MADICHVU, TENDICHVU, TENKHONGDAU, DONVITINH, CAP, CAPTREN_ID, TAMNGUNG, BHYT, THOIGIANTHUCHIEN) VALUES (1260, 4, N'0394', N'Vật lý trị liệu phòng ngừa các biến chứng do bất động', NULL, N'Lần', 1, NULL, N'0', N'0', NULL);
IF NOT EXISTS (SELECT 1 FROM dbo.DM_DichVu WHERE DICHVU_ID = 1261)
  INSERT INTO dbo.DM_DichVu (DICHVU_ID, NHOMDICHVU_ID, MADICHVU, TENDICHVU, TENKHONGDAU, DONVITINH, CAP, CAPTREN_ID, TAMNGUNG, BHYT, THOIGIANTHUCHIEN) VALUES (1261, 16, N'0395', N'Siêu âm Doppler mạch máu', NULL, N'Lần', 1, NULL, N'0', N'0', NULL);
IF NOT EXISTS (SELECT 1 FROM dbo.DM_DichVu WHERE DICHVU_ID = 1262)
  INSERT INTO dbo.DM_DichVu (DICHVU_ID, NHOMDICHVU_ID, MADICHVU, TENDICHVU, TENKHONGDAU, DONVITINH, CAP, CAPTREN_ID, TAMNGUNG, BHYT, THOIGIANTHUCHIEN) VALUES (1262, 16, N'0396', N'Siêu âm Doppler mạch máu cấp cứu', NULL, N'Lần', 1, NULL, N'0', N'0', NULL);
IF NOT EXISTS (SELECT 1 FROM dbo.DM_DichVu WHERE DICHVU_ID = 1263)
  INSERT INTO dbo.DM_DichVu (DICHVU_ID, NHOMDICHVU_ID, MADICHVU, TENDICHVU, TENKHONGDAU, DONVITINH, CAP, CAPTREN_ID, TAMNGUNG, BHYT, THOIGIANTHUCHIEN) VALUES (1263, 16, N'0397', N'Siêu âm Doppler mạch máu ổ bụng (động mạch chủ, mạc treo tràng trên, thân tạng…)', NULL, N'Lần', 1, NULL, N'0', N'0', NULL);
IF NOT EXISTS (SELECT 1 FROM dbo.DM_DichVu WHERE DICHVU_ID = 1264)
  INSERT INTO dbo.DM_DichVu (DICHVU_ID, NHOMDICHVU_ID, MADICHVU, TENDICHVU, TENKHONGDAU, DONVITINH, CAP, CAPTREN_ID, TAMNGUNG, BHYT, THOIGIANTHUCHIEN) VALUES (1264, 16, N'0398', N'Siêu âm Doppler động mạch thận', NULL, N'Lần', 1, NULL, N'0', N'0', NULL);
IF NOT EXISTS (SELECT 1 FROM dbo.DM_DichVu WHERE DICHVU_ID = 1265)
  INSERT INTO dbo.DM_DichVu (DICHVU_ID, NHOMDICHVU_ID, MADICHVU, TENDICHVU, TENKHONGDAU, DONVITINH, CAP, CAPTREN_ID, TAMNGUNG, BHYT, THOIGIANTHUCHIEN) VALUES (1265, 16, N'0399', N'Doppler động mạch cảnh, Doppler xuyên sọ', NULL, N'Lần', 1, NULL, N'0', N'0', NULL);
IF NOT EXISTS (SELECT 1 FROM dbo.DM_DichVu WHERE DICHVU_ID = 1266)
  INSERT INTO dbo.DM_DichVu (DICHVU_ID, NHOMDICHVU_ID, MADICHVU, TENDICHVU, TENKHONGDAU, DONVITINH, CAP, CAPTREN_ID, TAMNGUNG, BHYT, THOIGIANTHUCHIEN) VALUES (1266, 10, N'0400', N'HBsAg test nhanh', NULL, N'Âm tính', 1, NULL, N'0', N'0', NULL);
IF NOT EXISTS (SELECT 1 FROM dbo.DM_DichVu WHERE DICHVU_ID = 1267)
  INSERT INTO dbo.DM_DichVu (DICHVU_ID, NHOMDICHVU_ID, MADICHVU, TENDICHVU, TENKHONGDAU, DONVITINH, CAP, CAPTREN_ID, TAMNGUNG, BHYT, THOIGIANTHUCHIEN) VALUES (1267, 10, N'0401', N'HIV Ab test nhanh', NULL, N'Âm tính', 1, NULL, N'0', N'0', NULL);
IF NOT EXISTS (SELECT 1 FROM dbo.DM_DichVu WHERE DICHVU_ID = 1268)
  INSERT INTO dbo.DM_DichVu (DICHVU_ID, NHOMDICHVU_ID, MADICHVU, TENDICHVU, TENKHONGDAU, DONVITINH, CAP, CAPTREN_ID, TAMNGUNG, BHYT, THOIGIANTHUCHIEN) VALUES (1268, 13, N'0402', N'Xét nghiệm đông máu nhanh tại giường', NULL, N'phút', 1, NULL, N'0', N'0', NULL);
IF NOT EXISTS (SELECT 1 FROM dbo.DM_DichVu WHERE DICHVU_ID = 1269)
  INSERT INTO dbo.DM_DichVu (DICHVU_ID, NHOMDICHVU_ID, MADICHVU, TENDICHVU, TENKHONGDAU, DONVITINH, CAP, CAPTREN_ID, TAMNGUNG, BHYT, THOIGIANTHUCHIEN) VALUES (1269, 4, N'0403', N'Thắt các búi trĩ hậu môn ', NULL, N'Lần', 1, NULL, N'0', N'0', NULL);
IF NOT EXISTS (SELECT 1 FROM dbo.DM_DichVu WHERE DICHVU_ID = 1270)
  INSERT INTO dbo.DM_DichVu (DICHVU_ID, NHOMDICHVU_ID, MADICHVU, TENDICHVU, TENKHONGDAU, DONVITINH, CAP, CAPTREN_ID, TAMNGUNG, BHYT, THOIGIANTHUCHIEN) VALUES (1270, 4, N'0404', N'Khâu vết thương phần mềm dài dưới 10cm', NULL, N'Lần', 1, NULL, N'0', N'0', NULL);
IF NOT EXISTS (SELECT 1 FROM dbo.DM_DichVu WHERE DICHVU_ID = 1271)
  INSERT INTO dbo.DM_DichVu (DICHVU_ID, NHOMDICHVU_ID, MADICHVU, TENDICHVU, TENKHONGDAU, DONVITINH, CAP, CAPTREN_ID, TAMNGUNG, BHYT, THOIGIANTHUCHIEN) VALUES (1271, 4, N'0405', N'Khâu vết thương phần mềm dài trên 10cm', NULL, N'Lần', 1, NULL, N'0', N'0', NULL);
IF NOT EXISTS (SELECT 1 FROM dbo.DM_DichVu WHERE DICHVU_ID = 1272)
  INSERT INTO dbo.DM_DichVu (DICHVU_ID, NHOMDICHVU_ID, MADICHVU, TENDICHVU, TENKHONGDAU, DONVITINH, CAP, CAPTREN_ID, TAMNGUNG, BHYT, THOIGIANTHUCHIEN) VALUES (1272, 13, N'0406', N'Tổng phân tích tế bào máu ngoại vi (bằng máy đếm laser)', NULL, N'', 1, NULL, N'0', N'0', NULL);
IF NOT EXISTS (SELECT 1 FROM dbo.DM_DichVu WHERE DICHVU_ID = 1273)
  INSERT INTO dbo.DM_DichVu (DICHVU_ID, NHOMDICHVU_ID, MADICHVU, TENDICHVU, TENKHONGDAU, DONVITINH, CAP, CAPTREN_ID, TAMNGUNG, BHYT, THOIGIANTHUCHIEN) VALUES (1273, 13, N'0407', N'Tế bào học dịch màng bụng, màng tim', NULL, N'', 1, NULL, N'0', N'0', NULL);
IF NOT EXISTS (SELECT 1 FROM dbo.DM_DichVu WHERE DICHVU_ID = 1274)
  INSERT INTO dbo.DM_DichVu (DICHVU_ID, NHOMDICHVU_ID, MADICHVU, TENDICHVU, TENKHONGDAU, DONVITINH, CAP, CAPTREN_ID, TAMNGUNG, BHYT, THOIGIANTHUCHIEN) VALUES (1274, 13, N'0408', N'Tế bào học dịch màng khớp', NULL, N'', 1, NULL, N'0', N'0', NULL);
IF NOT EXISTS (SELECT 1 FROM dbo.DM_DichVu WHERE DICHVU_ID = 1275)
  INSERT INTO dbo.DM_DichVu (DICHVU_ID, NHOMDICHVU_ID, MADICHVU, TENDICHVU, TENKHONGDAU, DONVITINH, CAP, CAPTREN_ID, TAMNGUNG, BHYT, THOIGIANTHUCHIEN) VALUES (1275, 9, N'0409', N'Dengue virus NS1Ag test nhanh', NULL, N'Âm tính', 1, NULL, N'0', N'0', NULL);
IF NOT EXISTS (SELECT 1 FROM dbo.DM_DichVu WHERE DICHVU_ID = 1277)
  INSERT INTO dbo.DM_DichVu (DICHVU_ID, NHOMDICHVU_ID, MADICHVU, TENDICHVU, TENKHONGDAU, DONVITINH, CAP, CAPTREN_ID, TAMNGUNG, BHYT, THOIGIANTHUCHIEN) VALUES (1277, 1023, N'0416', N'Dengue virus NS1Ag test nhanh (Tâm trí)', NULL, N'', 1, NULL, N'0', N'0', NULL);
IF NOT EXISTS (SELECT 1 FROM dbo.DM_DichVu WHERE DICHVU_ID = 1278)
  INSERT INTO dbo.DM_DichVu (DICHVU_ID, NHOMDICHVU_ID, MADICHVU, TENDICHVU, TENKHONGDAU, DONVITINH, CAP, CAPTREN_ID, TAMNGUNG, BHYT, THOIGIANTHUCHIEN) VALUES (1278, 1023, N'0417', N'Điện di miễn dịch huyết thanh (Tâm trí)', NULL, N'', 1, NULL, N'0', N'0', NULL);
IF NOT EXISTS (SELECT 1 FROM dbo.DM_DichVu WHERE DICHVU_ID = 1279)
  INSERT INTO dbo.DM_DichVu (DICHVU_ID, NHOMDICHVU_ID, MADICHVU, TENDICHVU, TENKHONGDAU, DONVITINH, CAP, CAPTREN_ID, TAMNGUNG, BHYT, THOIGIANTHUCHIEN) VALUES (1279, 1023, N'0418', N'Định lượng CRP hs (C-Reactive Protein high sesitivity) [Máu] (Tâm trí)', NULL, N'', 1, NULL, N'0', N'0', NULL);
IF NOT EXISTS (SELECT 1 FROM dbo.DM_DichVu WHERE DICHVU_ID = 1280)
  INSERT INTO dbo.DM_DichVu (DICHVU_ID, NHOMDICHVU_ID, MADICHVU, TENDICHVU, TENKHONGDAU, DONVITINH, CAP, CAPTREN_ID, TAMNGUNG, BHYT, THOIGIANTHUCHIEN) VALUES (1280, 1023, N'0419', N'Định lượng proBNP (NT-proBNP) [Máu] (Tâm trí)', NULL, N'', 1, NULL, N'0', N'0', NULL);
IF NOT EXISTS (SELECT 1 FROM dbo.DM_DichVu WHERE DICHVU_ID = 1281)
  INSERT INTO dbo.DM_DichVu (DICHVU_ID, NHOMDICHVU_ID, MADICHVU, TENDICHVU, TENKHONGDAU, DONVITINH, CAP, CAPTREN_ID, TAMNGUNG, BHYT, THOIGIANTHUCHIEN) VALUES (1281, 1023, N'0420', N'Định lượng Albumin [Máu] (Tâm trí)', NULL, N'', 1, NULL, N'0', N'0', NULL);
IF NOT EXISTS (SELECT 1 FROM dbo.DM_DichVu WHERE DICHVU_ID = 1282)
  INSERT INTO dbo.DM_DichVu (DICHVU_ID, NHOMDICHVU_ID, MADICHVU, TENDICHVU, TENKHONGDAU, DONVITINH, CAP, CAPTREN_ID, TAMNGUNG, BHYT, THOIGIANTHUCHIEN) VALUES (1282, 1023, N'0421', N'Định lượng Amylase (niệu) (Tâm trí)', NULL, N'', 1, NULL, N'0', N'0', NULL);
IF NOT EXISTS (SELECT 1 FROM dbo.DM_DichVu WHERE DICHVU_ID = 1283)
  INSERT INTO dbo.DM_DichVu (DICHVU_ID, NHOMDICHVU_ID, MADICHVU, TENDICHVU, TENKHONGDAU, DONVITINH, CAP, CAPTREN_ID, TAMNGUNG, BHYT, THOIGIANTHUCHIEN) VALUES (1283, 1023, N'0422', N'Định lượng Anti CCP [Máu] (Tâm trí)', NULL, N'', 1, NULL, N'0', N'0', NULL);
IF NOT EXISTS (SELECT 1 FROM dbo.DM_DichVu WHERE DICHVU_ID = 1284)
  INSERT INTO dbo.DM_DichVu (DICHVU_ID, NHOMDICHVU_ID, MADICHVU, TENDICHVU, TENKHONGDAU, DONVITINH, CAP, CAPTREN_ID, TAMNGUNG, BHYT, THOIGIANTHUCHIEN) VALUES (1284, 1023, N'0423', N'Định lượng Creatinin (máu) (Tâm trí)', NULL, N'', 1, NULL, N'0', N'0', NULL);
IF NOT EXISTS (SELECT 1 FROM dbo.DM_DichVu WHERE DICHVU_ID = 1285)
  INSERT INTO dbo.DM_DichVu (DICHVU_ID, NHOMDICHVU_ID, MADICHVU, TENDICHVU, TENKHONGDAU, DONVITINH, CAP, CAPTREN_ID, TAMNGUNG, BHYT, THOIGIANTHUCHIEN) VALUES (1285, 1023, N'0424', N'Định lượng CRP hs (C-Reactive Protein high sesitivity) [Máu] (Tâm trí)', NULL, N'', 1, NULL, N'0', N'0', NULL);
IF NOT EXISTS (SELECT 1 FROM dbo.DM_DichVu WHERE DICHVU_ID = 1286)
  INSERT INTO dbo.DM_DichVu (DICHVU_ID, NHOMDICHVU_ID, MADICHVU, TENDICHVU, TENKHONGDAU, DONVITINH, CAP, CAPTREN_ID, TAMNGUNG, BHYT, THOIGIANTHUCHIEN) VALUES (1286, 1023, N'0425', N'Định lượng Estradiol [Máu] (Tâm trí)', NULL, N'', 1, NULL, N'0', N'0', NULL);
IF NOT EXISTS (SELECT 1 FROM dbo.DM_DichVu WHERE DICHVU_ID = 1287)
  INSERT INTO dbo.DM_DichVu (DICHVU_ID, NHOMDICHVU_ID, MADICHVU, TENDICHVU, TENKHONGDAU, DONVITINH, CAP, CAPTREN_ID, TAMNGUNG, BHYT, THOIGIANTHUCHIEN) VALUES (1287, 1023, N'0426', N'Định lượng FSH (Follicular Stimulating Hormone) [Máu] (Tâm trí)', NULL, N'', 1, NULL, N'0', N'0', NULL);
IF NOT EXISTS (SELECT 1 FROM dbo.DM_DichVu WHERE DICHVU_ID = 1288)
  INSERT INTO dbo.DM_DichVu (DICHVU_ID, NHOMDICHVU_ID, MADICHVU, TENDICHVU, TENKHONGDAU, DONVITINH, CAP, CAPTREN_ID, TAMNGUNG, BHYT, THOIGIANTHUCHIEN) VALUES (1288, 1023, N'0427', N'Định lượng FT3 (Free Triiodothyronine) [Máu] (Tâm trí)', NULL, N'', 1, NULL, N'0', N'0', NULL);
IF NOT EXISTS (SELECT 1 FROM dbo.DM_DichVu WHERE DICHVU_ID = 1289)
  INSERT INTO dbo.DM_DichVu (DICHVU_ID, NHOMDICHVU_ID, MADICHVU, TENDICHVU, TENKHONGDAU, DONVITINH, CAP, CAPTREN_ID, TAMNGUNG, BHYT, THOIGIANTHUCHIEN) VALUES (1289, 1023, N'0428', N'Định lượng FT4 (Free Thyroxine) [Máu] (Tâm trí)', NULL, N'', 1, NULL, N'0', N'0', NULL);
IF NOT EXISTS (SELECT 1 FROM dbo.DM_DichVu WHERE DICHVU_ID = 1290)
  INSERT INTO dbo.DM_DichVu (DICHVU_ID, NHOMDICHVU_ID, MADICHVU, TENDICHVU, TENKHONGDAU, DONVITINH, CAP, CAPTREN_ID, TAMNGUNG, BHYT, THOIGIANTHUCHIEN) VALUES (1290, 1023, N'0429', N'Định lượng Glucose [Máu] (Tâm trí)', NULL, N'', 1, NULL, N'0', N'0', NULL);
IF NOT EXISTS (SELECT 1 FROM dbo.DM_DichVu WHERE DICHVU_ID = 1291)
  INSERT INTO dbo.DM_DichVu (DICHVU_ID, NHOMDICHVU_ID, MADICHVU, TENDICHVU, TENKHONGDAU, DONVITINH, CAP, CAPTREN_ID, TAMNGUNG, BHYT, THOIGIANTHUCHIEN) VALUES (1291, 1023, N'0430', N'Định lượng HbA1c [Máu] (Tâm trí)', NULL, N'', 1, NULL, N'0', N'0', NULL);
IF NOT EXISTS (SELECT 1 FROM dbo.DM_DichVu WHERE DICHVU_ID = 1292)
  INSERT INTO dbo.DM_DichVu (DICHVU_ID, NHOMDICHVU_ID, MADICHVU, TENDICHVU, TENKHONGDAU, DONVITINH, CAP, CAPTREN_ID, TAMNGUNG, BHYT, THOIGIANTHUCHIEN) VALUES (1292, 1023, N'0431', N'Định lượng LH (Luteinizing Hormone) [Máu] (Tâm trí)', NULL, N'', 1, NULL, N'0', N'0', NULL);
IF NOT EXISTS (SELECT 1 FROM dbo.DM_DichVu WHERE DICHVU_ID = 1293)
  INSERT INTO dbo.DM_DichVu (DICHVU_ID, NHOMDICHVU_ID, MADICHVU, TENDICHVU, TENKHONGDAU, DONVITINH, CAP, CAPTREN_ID, TAMNGUNG, BHYT, THOIGIANTHUCHIEN) VALUES (1293, 1023, N'0432', N'Định lượng proBNP (NT-proBNP) [Máu] (Tâm trí)', NULL, N'', 1, NULL, N'0', N'0', NULL);
IF NOT EXISTS (SELECT 1 FROM dbo.DM_DichVu WHERE DICHVU_ID = 1294)
  INSERT INTO dbo.DM_DichVu (DICHVU_ID, NHOMDICHVU_ID, MADICHVU, TENDICHVU, TENKHONGDAU, DONVITINH, CAP, CAPTREN_ID, TAMNGUNG, BHYT, THOIGIANTHUCHIEN) VALUES (1294, 1023, N'0433', N'Định lượng Pro-calcitonin [Máu] (Tâm trí)', NULL, N'', 1, NULL, N'0', N'0', NULL);
IF NOT EXISTS (SELECT 1 FROM dbo.DM_DichVu WHERE DICHVU_ID = 1295)
  INSERT INTO dbo.DM_DichVu (DICHVU_ID, NHOMDICHVU_ID, MADICHVU, TENDICHVU, TENKHONGDAU, DONVITINH, CAP, CAPTREN_ID, TAMNGUNG, BHYT, THOIGIANTHUCHIEN) VALUES (1295, 1023, N'0434', N'Định lượng Prolactin [Máu] (Tâm trí)', NULL, N'', 1, NULL, N'0', N'0', NULL);
IF NOT EXISTS (SELECT 1 FROM dbo.DM_DichVu WHERE DICHVU_ID = 1296)
  INSERT INTO dbo.DM_DichVu (DICHVU_ID, NHOMDICHVU_ID, MADICHVU, TENDICHVU, TENKHONGDAU, DONVITINH, CAP, CAPTREN_ID, TAMNGUNG, BHYT, THOIGIANTHUCHIEN) VALUES (1296, 1023, N'0435', N'Định lượng Protein (niệu) (Tâm trí)', NULL, N'', 1, NULL, N'0', N'0', NULL);
IF NOT EXISTS (SELECT 1 FROM dbo.DM_DichVu WHERE DICHVU_ID = 1297)
  INSERT INTO dbo.DM_DichVu (DICHVU_ID, NHOMDICHVU_ID, MADICHVU, TENDICHVU, TENKHONGDAU, DONVITINH, CAP, CAPTREN_ID, TAMNGUNG, BHYT, THOIGIANTHUCHIEN) VALUES (1297, 1023, N'0436', N'Định lượng Protein toàn phần [Máu] (Tâm trí)', NULL, N'', 1, NULL, N'0', N'0', NULL);
IF NOT EXISTS (SELECT 1 FROM dbo.DM_DichVu WHERE DICHVU_ID = 1298)
  INSERT INTO dbo.DM_DichVu (DICHVU_ID, NHOMDICHVU_ID, MADICHVU, TENDICHVU, TENKHONGDAU, DONVITINH, CAP, CAPTREN_ID, TAMNGUNG, BHYT, THOIGIANTHUCHIEN) VALUES (1298, 1023, N'0437', N'Định lượng RF (Reumatoid Factor) [Máu] (Tâm trí)', NULL, N'', 1, NULL, N'0', N'0', NULL);
IF NOT EXISTS (SELECT 1 FROM dbo.DM_DichVu WHERE DICHVU_ID = 1299)
  INSERT INTO dbo.DM_DichVu (DICHVU_ID, NHOMDICHVU_ID, MADICHVU, TENDICHVU, TENKHONGDAU, DONVITINH, CAP, CAPTREN_ID, TAMNGUNG, BHYT, THOIGIANTHUCHIEN) VALUES (1299, 1023, N'0438', N'Định lượng T3 (Tri iodothyronine) [Máu] (Tâm trí)', NULL, N'', 1, NULL, N'0', N'0', NULL);
IF NOT EXISTS (SELECT 1 FROM dbo.DM_DichVu WHERE DICHVU_ID = 1300)
  INSERT INTO dbo.DM_DichVu (DICHVU_ID, NHOMDICHVU_ID, MADICHVU, TENDICHVU, TENKHONGDAU, DONVITINH, CAP, CAPTREN_ID, TAMNGUNG, BHYT, THOIGIANTHUCHIEN) VALUES (1300, 1023, N'0439', N'Định lượng Testosterol [Máu] (Tâm trí)', NULL, N'', 1, NULL, N'0', N'0', NULL);
IF NOT EXISTS (SELECT 1 FROM dbo.DM_DichVu WHERE DICHVU_ID = 1301)
  INSERT INTO dbo.DM_DichVu (DICHVU_ID, NHOMDICHVU_ID, MADICHVU, TENDICHVU, TENKHONGDAU, DONVITINH, CAP, CAPTREN_ID, TAMNGUNG, BHYT, THOIGIANTHUCHIEN) VALUES (1301, 1023, N'0440', N'Định lượng Troponin T [Máu] (Tâm trí)', NULL, N'', 1, NULL, N'0', N'0', NULL);
IF NOT EXISTS (SELECT 1 FROM dbo.DM_DichVu WHERE DICHVU_ID = 1302)
  INSERT INTO dbo.DM_DichVu (DICHVU_ID, NHOMDICHVU_ID, MADICHVU, TENDICHVU, TENKHONGDAU, DONVITINH, CAP, CAPTREN_ID, TAMNGUNG, BHYT, THOIGIANTHUCHIEN) VALUES (1302, 1023, N'0441', N'Định lượng TSH (Thyroid Stimulating hormone) [Máu] (Tâm trí)', NULL, N'', 1, NULL, N'0', N'0', NULL);
IF NOT EXISTS (SELECT 1 FROM dbo.DM_DichVu WHERE DICHVU_ID = 1303)
  INSERT INTO dbo.DM_DichVu (DICHVU_ID, NHOMDICHVU_ID, MADICHVU, TENDICHVU, TENKHONGDAU, DONVITINH, CAP, CAPTREN_ID, TAMNGUNG, BHYT, THOIGIANTHUCHIEN) VALUES (1303, 1023, N'0442', N'Định lượng Urê máu [Máu] (Tâm trí)', NULL, N'', 1, NULL, N'0', N'0', NULL);
IF NOT EXISTS (SELECT 1 FROM dbo.DM_DichVu WHERE DICHVU_ID = 1304)
  INSERT INTO dbo.DM_DichVu (DICHVU_ID, NHOMDICHVU_ID, MADICHVU, TENDICHVU, TENKHONGDAU, DONVITINH, CAP, CAPTREN_ID, TAMNGUNG, BHYT, THOIGIANTHUCHIEN) VALUES (1304, 1023, N'0443', N'Định lượng Calci ion hoá [Máu] (Tâm trí)', NULL, N'', 1, NULL, N'0', N'0', NULL);
IF NOT EXISTS (SELECT 1 FROM dbo.DM_DichVu WHERE DICHVU_ID = 1305)
  INSERT INTO dbo.DM_DichVu (DICHVU_ID, NHOMDICHVU_ID, MADICHVU, TENDICHVU, TENKHONGDAU, DONVITINH, CAP, CAPTREN_ID, TAMNGUNG, BHYT, THOIGIANTHUCHIEN) VALUES (1305, 1023, N'0444', N'Chlor (điện giải đồ) (Tâm trí)', NULL, N'', 1, NULL, N'0', N'0', NULL);
IF NOT EXISTS (SELECT 1 FROM dbo.DM_DichVu WHERE DICHVU_ID = 1306)
  INSERT INTO dbo.DM_DichVu (DICHVU_ID, NHOMDICHVU_ID, MADICHVU, TENDICHVU, TENKHONGDAU, DONVITINH, CAP, CAPTREN_ID, TAMNGUNG, BHYT, THOIGIANTHUCHIEN) VALUES (1306, 1023, N'0445', N'Điện giải đồ (Na+, K+, Cl) [Máu] (Tâm trí)', NULL, N'', 1, NULL, N'0', N'0', NULL);
IF NOT EXISTS (SELECT 1 FROM dbo.DM_DichVu WHERE DICHVU_ID = 1307)
  INSERT INTO dbo.DM_DichVu (DICHVU_ID, NHOMDICHVU_ID, MADICHVU, TENDICHVU, TENKHONGDAU, DONVITINH, CAP, CAPTREN_ID, TAMNGUNG, BHYT, THOIGIANTHUCHIEN) VALUES (1307, 1023, N'0446', N'Kalium (điện giải đồ) (Tâm trí)', NULL, N'', 1, NULL, N'0', N'0', NULL);
IF NOT EXISTS (SELECT 1 FROM dbo.DM_DichVu WHERE DICHVU_ID = 1308)
  INSERT INTO dbo.DM_DichVu (DICHVU_ID, NHOMDICHVU_ID, MADICHVU, TENDICHVU, TENKHONGDAU, DONVITINH, CAP, CAPTREN_ID, TAMNGUNG, BHYT, THOIGIANTHUCHIEN) VALUES (1308, 1023, N'0447', N'Natrium (điện giải đồ) (Tâm trí)', NULL, N'', 1, NULL, N'0', N'0', NULL);
IF NOT EXISTS (SELECT 1 FROM dbo.DM_DichVu WHERE DICHVU_ID = 1309)
  INSERT INTO dbo.DM_DichVu (DICHVU_ID, NHOMDICHVU_ID, MADICHVU, TENDICHVU, TENKHONGDAU, DONVITINH, CAP, CAPTREN_ID, TAMNGUNG, BHYT, THOIGIANTHUCHIEN) VALUES (1309, 1023, N'0448', N'Đo hoạt độ ALT (GPT) [Máu] (Tâm trí)', NULL, N'', 1, NULL, N'0', N'0', NULL);
IF NOT EXISTS (SELECT 1 FROM dbo.DM_DichVu WHERE DICHVU_ID = 1310)
  INSERT INTO dbo.DM_DichVu (DICHVU_ID, NHOMDICHVU_ID, MADICHVU, TENDICHVU, TENKHONGDAU, DONVITINH, CAP, CAPTREN_ID, TAMNGUNG, BHYT, THOIGIANTHUCHIEN) VALUES (1310, 1023, N'0449', N'Đo hoạt độ Amylase [Máu] (Tâm trí)', NULL, N'', 1, NULL, N'0', N'0', NULL);
IF NOT EXISTS (SELECT 1 FROM dbo.DM_DichVu WHERE DICHVU_ID = 1311)
  INSERT INTO dbo.DM_DichVu (DICHVU_ID, NHOMDICHVU_ID, MADICHVU, TENDICHVU, TENKHONGDAU, DONVITINH, CAP, CAPTREN_ID, TAMNGUNG, BHYT, THOIGIANTHUCHIEN) VALUES (1311, 1023, N'0450', N'Đo hoạt độ AST (GOT) [Máu] (Tâm trí)', NULL, N'', 1, NULL, N'0', N'0', NULL);
IF NOT EXISTS (SELECT 1 FROM dbo.DM_DichVu WHERE DICHVU_ID = 1312)
  INSERT INTO dbo.DM_DichVu (DICHVU_ID, NHOMDICHVU_ID, MADICHVU, TENDICHVU, TENKHONGDAU, DONVITINH, CAP, CAPTREN_ID, TAMNGUNG, BHYT, THOIGIANTHUCHIEN) VALUES (1312, 1023, N'0451', N'Đo hoạt độ CK-MB (Isozym MB of Creatine kinase) [Máu] (Tâm trí)', NULL, N'', 1, NULL, N'0', N'0', NULL);
IF NOT EXISTS (SELECT 1 FROM dbo.DM_DichVu WHERE DICHVU_ID = 1313)
  INSERT INTO dbo.DM_DichVu (DICHVU_ID, NHOMDICHVU_ID, MADICHVU, TENDICHVU, TENKHONGDAU, DONVITINH, CAP, CAPTREN_ID, TAMNGUNG, BHYT, THOIGIANTHUCHIEN) VALUES (1313, 1020, N'0452', N'Đo loãng xương (Tâm trí)', NULL, N'Lần', 1, NULL, N'0', N'0', NULL);
IF NOT EXISTS (SELECT 1 FROM dbo.DM_DichVu WHERE DICHVU_ID = 1314)
  INSERT INTO dbo.DM_DichVu (DICHVU_ID, NHOMDICHVU_ID, MADICHVU, TENDICHVU, TENKHONGDAU, DONVITINH, CAP, CAPTREN_ID, TAMNGUNG, BHYT, THOIGIANTHUCHIEN) VALUES (1314, 1023, N'0453', N'PCR LAO (Tâm trí)', NULL, N'Lần', 1, NULL, N'0', N'0', NULL);
IF NOT EXISTS (SELECT 1 FROM dbo.DM_DichVu WHERE DICHVU_ID = 1315)
  INSERT INTO dbo.DM_DichVu (DICHVU_ID, NHOMDICHVU_ID, MADICHVU, TENDICHVU, TENKHONGDAU, DONVITINH, CAP, CAPTREN_ID, TAMNGUNG, BHYT, THOIGIANTHUCHIEN) VALUES (1315, 1023, N'0454', N'PCR LAO (ĐÀM) (Tâm trí)', NULL, N'Lần', 1, NULL, N'0', N'0', NULL);
IF NOT EXISTS (SELECT 1 FROM dbo.DM_DichVu WHERE DICHVU_ID = 1316)
  INSERT INTO dbo.DM_DichVu (DICHVU_ID, NHOMDICHVU_ID, MADICHVU, TENDICHVU, TENKHONGDAU, DONVITINH, CAP, CAPTREN_ID, TAMNGUNG, BHYT, THOIGIANTHUCHIEN) VALUES (1316, 1023, N'0455', N'PCR sốt xuất huyết (Tâm trí)', NULL, N'Lần', 1, NULL, N'0', N'0', NULL);
IF NOT EXISTS (SELECT 1 FROM dbo.DM_DichVu WHERE DICHVU_ID = 1317)
  INSERT INTO dbo.DM_DichVu (DICHVU_ID, NHOMDICHVU_ID, MADICHVU, TENDICHVU, TENKHONGDAU, DONVITINH, CAP, CAPTREN_ID, TAMNGUNG, BHYT, THOIGIANTHUCHIEN) VALUES (1317, 1024, N'0456', N'Siêu âm tim, màng tim qua thành ngực (Siêu âm Doppler màu tim) (Tâm trí)', NULL, N'Lần', 1, NULL, N'0', N'0', NULL);
IF NOT EXISTS (SELECT 1 FROM dbo.DM_DichVu WHERE DICHVU_ID = 1318)
  INSERT INTO dbo.DM_DichVu (DICHVU_ID, NHOMDICHVU_ID, MADICHVU, TENDICHVU, TENKHONGDAU, DONVITINH, CAP, CAPTREN_ID, TAMNGUNG, BHYT, THOIGIANTHUCHIEN) VALUES (1318, 1023, N'0457', N'Soi tìm tế bào lạ (Tell block) (Tâm trí)', NULL, N'Lần', 1, NULL, N'0', N'0', NULL);
IF NOT EXISTS (SELECT 1 FROM dbo.DM_DichVu WHERE DICHVU_ID = 1319)
  INSERT INTO dbo.DM_DichVu (DICHVU_ID, NHOMDICHVU_ID, MADICHVU, TENDICHVU, TENKHONGDAU, DONVITINH, CAP, CAPTREN_ID, TAMNGUNG, BHYT, THOIGIANTHUCHIEN) VALUES (1319, 1023, N'0458', N'Tế bào dịch màng (phổi) (Tâm trí)', NULL, N'Lần', 1, NULL, N'0', N'0', NULL);
IF NOT EXISTS (SELECT 1 FROM dbo.DM_DichVu WHERE DICHVU_ID = 1320)
  INSERT INTO dbo.DM_DichVu (DICHVU_ID, NHOMDICHVU_ID, MADICHVU, TENDICHVU, TENKHONGDAU, DONVITINH, CAP, CAPTREN_ID, TAMNGUNG, BHYT, THOIGIANTHUCHIEN) VALUES (1320, 1023, N'0459', N'Tế bào học dịch màng khớp (Tâm trí)', NULL, N'Lần', 1, NULL, N'0', N'0', NULL);
IF NOT EXISTS (SELECT 1 FROM dbo.DM_DichVu WHERE DICHVU_ID = 1321)
  INSERT INTO dbo.DM_DichVu (DICHVU_ID, NHOMDICHVU_ID, MADICHVU, TENDICHVU, TENKHONGDAU, DONVITINH, CAP, CAPTREN_ID, TAMNGUNG, BHYT, THOIGIANTHUCHIEN) VALUES (1321, 1023, N'0460', N'Tế bào hồng cầu-bạch cầu (Tâm trí)', NULL, N'Lần', 1, NULL, N'0', N'0', NULL);
IF NOT EXISTS (SELECT 1 FROM dbo.DM_DichVu WHERE DICHVU_ID = 1322)
  INSERT INTO dbo.DM_DichVu (DICHVU_ID, NHOMDICHVU_ID, MADICHVU, TENDICHVU, TENKHONGDAU, DONVITINH, CAP, CAPTREN_ID, TAMNGUNG, BHYT, THOIGIANTHUCHIEN) VALUES (1322, 1023, N'0461', N'Thời gian prothrombin (PT: Prothrombin Time), (Các tên khác: TQ; Tỷ lệ Prothrombin) bằng máy bán tự động (Tâm trí)', NULL, N'', 1, NULL, N'0', N'0', NULL);
IF NOT EXISTS (SELECT 1 FROM dbo.DM_DichVu WHERE DICHVU_ID = 1323)
  INSERT INTO dbo.DM_DichVu (DICHVU_ID, NHOMDICHVU_ID, MADICHVU, TENDICHVU, TENKHONGDAU, DONVITINH, CAP, CAPTREN_ID, TAMNGUNG, BHYT, THOIGIANTHUCHIEN) VALUES (1323, 1023, N'0462', N'Tổng phân tích tế bào máu ngoại vi (bằng máy đếm laser) (Tâm trí)', NULL, N'', 1, NULL, N'0', N'0', NULL);
IF NOT EXISTS (SELECT 1 FROM dbo.DM_DichVu WHERE DICHVU_ID = 1324)
  INSERT INTO dbo.DM_DichVu (DICHVU_ID, NHOMDICHVU_ID, MADICHVU, TENDICHVU, TENKHONGDAU, DONVITINH, CAP, CAPTREN_ID, TAMNGUNG, BHYT, THOIGIANTHUCHIEN) VALUES (1324, 1023, N'0463', N'Trứng giun, sán soi tươi (Soi tươi tìm ký sinh trùng (đường ruột, ngoài đường ruột) (Tâm trí)', NULL, N'Lần', 1, NULL, N'0', N'0', NULL);
IF NOT EXISTS (SELECT 1 FROM dbo.DM_DichVu WHERE DICHVU_ID = 1325)
  INSERT INTO dbo.DM_DichVu (DICHVU_ID, NHOMDICHVU_ID, MADICHVU, TENDICHVU, TENKHONGDAU, DONVITINH, CAP, CAPTREN_ID, TAMNGUNG, BHYT, THOIGIANTHUCHIEN) VALUES (1325, 1023, N'0464', N'Tinh thể Urat (Tâm trí)', NULL, N'Lần', 1, NULL, N'0', N'0', NULL);
IF NOT EXISTS (SELECT 1 FROM dbo.DM_DichVu WHERE DICHVU_ID = 1326)
  INSERT INTO dbo.DM_DichVu (DICHVU_ID, NHOMDICHVU_ID, MADICHVU, TENDICHVU, TENKHONGDAU, DONVITINH, CAP, CAPTREN_ID, TAMNGUNG, BHYT, THOIGIANTHUCHIEN) VALUES (1326, 1023, N'0465', N'Chọc dịch khớp (khớp gối) (Tâm trí)', NULL, N'Lần', 1, NULL, N'0', N'0', NULL);
IF NOT EXISTS (SELECT 1 FROM dbo.DM_DichVu WHERE DICHVU_ID = 1327)
  INSERT INTO dbo.DM_DichVu (DICHVU_ID, NHOMDICHVU_ID, MADICHVU, TENDICHVU, TENKHONGDAU, DONVITINH, CAP, CAPTREN_ID, TAMNGUNG, BHYT, THOIGIANTHUCHIEN) VALUES (1327, 1023, N'0466', N'Vi khuẩn kháng thuốc định lượng (MIC) (cho 1 loại kháng sinh) (kháng sinh đồ) (Tâm trí)', NULL, N'Lần', 1, NULL, N'0', N'0', NULL);
IF NOT EXISTS (SELECT 1 FROM dbo.DM_DichVu WHERE DICHVU_ID = 1328)
  INSERT INTO dbo.DM_DichVu (DICHVU_ID, NHOMDICHVU_ID, MADICHVU, TENDICHVU, TENKHONGDAU, DONVITINH, CAP, CAPTREN_ID, TAMNGUNG, BHYT, THOIGIANTHUCHIEN) VALUES (1328, 1023, N'0467', N'Vi khuẩn nuôi cấy và định danh phương pháp thông thường (Tâm trí)', NULL, N'Lần', 1, NULL, N'0', N'0', NULL);
IF NOT EXISTS (SELECT 1 FROM dbo.DM_DichVu WHERE DICHVU_ID = 1329)
  INSERT INTO dbo.DM_DichVu (DICHVU_ID, NHOMDICHVU_ID, MADICHVU, TENDICHVU, TENKHONGDAU, DONVITINH, CAP, CAPTREN_ID, TAMNGUNG, BHYT, THOIGIANTHUCHIEN) VALUES (1329, 1023, N'0468', N'Vi khuẩn nuôi cấy và định danh phương pháp thông thường - (CẤY DA) (Tâm trí)', NULL, N'Lần', 1, NULL, N'0', N'0', NULL);
IF NOT EXISTS (SELECT 1 FROM dbo.DM_DichVu WHERE DICHVU_ID = 1330)
  INSERT INTO dbo.DM_DichVu (DICHVU_ID, NHOMDICHVU_ID, MADICHVU, TENDICHVU, TENKHONGDAU, DONVITINH, CAP, CAPTREN_ID, TAMNGUNG, BHYT, THOIGIANTHUCHIEN) VALUES (1330, 1023, N'0469', N'Vi khuẩn nuôi cấy và định danh phương pháp thông thường - (CẤY ĐÀM) (Tâm trí)', NULL, N'Lần', 1, NULL, N'0', N'0', NULL);
IF NOT EXISTS (SELECT 1 FROM dbo.DM_DichVu WHERE DICHVU_ID = 1331)
  INSERT INTO dbo.DM_DichVu (DICHVU_ID, NHOMDICHVU_ID, MADICHVU, TENDICHVU, TENKHONGDAU, DONVITINH, CAP, CAPTREN_ID, TAMNGUNG, BHYT, THOIGIANTHUCHIEN) VALUES (1331, 1023, N'0470', N'Vi khuẩn nuôi cấy và định danh phương pháp thông thường - (CẤY DỊCH ÂM ĐẠO) (Tâm trí)', NULL, N'Lần', 1, NULL, N'0', N'0', NULL);
IF NOT EXISTS (SELECT 1 FROM dbo.DM_DichVu WHERE DICHVU_ID = 1332)
  INSERT INTO dbo.DM_DichVu (DICHVU_ID, NHOMDICHVU_ID, MADICHVU, TENDICHVU, TENKHONGDAU, DONVITINH, CAP, CAPTREN_ID, TAMNGUNG, BHYT, THOIGIANTHUCHIEN) VALUES (1332, 1023, N'0471', N'Vi khuẩn nuôi cấy và định danh phương pháp thông thường - (CẤY DỊCH DẪN LƯU) (Tâm trí)', NULL, N'Lần', 1, NULL, N'0', N'0', NULL);
IF NOT EXISTS (SELECT 1 FROM dbo.DM_DichVu WHERE DICHVU_ID = 1333)
  INSERT INTO dbo.DM_DichVu (DICHVU_ID, NHOMDICHVU_ID, MADICHVU, TENDICHVU, TENKHONGDAU, DONVITINH, CAP, CAPTREN_ID, TAMNGUNG, BHYT, THOIGIANTHUCHIEN) VALUES (1333, 1023, N'0472', N'Vi khuẩn nuôi cấy và định danh phương pháp thông thường - (CẤY DỊCH HỌNG) (Tâm trí)', NULL, N'Lần', 1, NULL, N'0', N'0', NULL);
IF NOT EXISTS (SELECT 1 FROM dbo.DM_DichVu WHERE DICHVU_ID = 1334)
  INSERT INTO dbo.DM_DichVu (DICHVU_ID, NHOMDICHVU_ID, MADICHVU, TENDICHVU, TENKHONGDAU, DONVITINH, CAP, CAPTREN_ID, TAMNGUNG, BHYT, THOIGIANTHUCHIEN) VALUES (1334, 1023, N'0473', N'Vi khuẩn nuôi cấy và định danh phương pháp thông thường - (CẤY DỊCH KHỚP GỐI) (Tâm trí)', NULL, N'Lần', 1, NULL, N'0', N'0', NULL);
IF NOT EXISTS (SELECT 1 FROM dbo.DM_DichVu WHERE DICHVU_ID = 1335)
  INSERT INTO dbo.DM_DichVu (DICHVU_ID, NHOMDICHVU_ID, MADICHVU, TENDICHVU, TENKHONGDAU, DONVITINH, CAP, CAPTREN_ID, TAMNGUNG, BHYT, THOIGIANTHUCHIEN) VALUES (1335, 1023, N'0474', N'Vi khuẩn nuôi cấy và định danh phương pháp thông thường - (CẤY DỊCH MÀNG BỤNG) (Tâm trí)', NULL, N'Lần', 1, NULL, N'0', N'0', NULL);
IF NOT EXISTS (SELECT 1 FROM dbo.DM_DichVu WHERE DICHVU_ID = 1336)
  INSERT INTO dbo.DM_DichVu (DICHVU_ID, NHOMDICHVU_ID, MADICHVU, TENDICHVU, TENKHONGDAU, DONVITINH, CAP, CAPTREN_ID, TAMNGUNG, BHYT, THOIGIANTHUCHIEN) VALUES (1336, 1023, N'0475', N'Vi khuẩn nuôi cấy và định danh phương pháp thông thường - (CẤY DỊCH MÀNG PHỔI) (Tâm trí)', NULL, N'Lần', 1, NULL, N'0', N'0', NULL);
IF NOT EXISTS (SELECT 1 FROM dbo.DM_DichVu WHERE DICHVU_ID = 1337)
  INSERT INTO dbo.DM_DichVu (DICHVU_ID, NHOMDICHVU_ID, MADICHVU, TENDICHVU, TENKHONGDAU, DONVITINH, CAP, CAPTREN_ID, TAMNGUNG, BHYT, THOIGIANTHUCHIEN) VALUES (1337, 1023, N'0476', N'Vi khuẩn nuôi cấy và định danh phương pháp thông thường - (CẤY DỊCH MŨI XOANG) (Tâm trí)', NULL, N'Lần', 1, NULL, N'0', N'0', NULL);
IF NOT EXISTS (SELECT 1 FROM dbo.DM_DichVu WHERE DICHVU_ID = 1338)
  INSERT INTO dbo.DM_DichVu (DICHVU_ID, NHOMDICHVU_ID, MADICHVU, TENDICHVU, TENKHONGDAU, DONVITINH, CAP, CAPTREN_ID, TAMNGUNG, BHYT, THOIGIANTHUCHIEN) VALUES (1338, 1023, N'0477', N'Vi khuẩn nuôi cấy và định danh phương pháp thông thường - (CẤY DỊCH MŨI) (Tâm trí)', NULL, N'Lần', 1, NULL, N'0', N'0', NULL);
IF NOT EXISTS (SELECT 1 FROM dbo.DM_DichVu WHERE DICHVU_ID = 1339)
  INSERT INTO dbo.DM_DichVu (DICHVU_ID, NHOMDICHVU_ID, MADICHVU, TENDICHVU, TENKHONGDAU, DONVITINH, CAP, CAPTREN_ID, TAMNGUNG, BHYT, THOIGIANTHUCHIEN) VALUES (1339, 1023, N'0478', N'Vi khuẩn nuôi cấy và định danh phương pháp thông thường - (CẤY DỊCH NÃO TỦY) (Tâm trí)', NULL, N'Lần', 1, NULL, N'0', N'0', NULL);
IF NOT EXISTS (SELECT 1 FROM dbo.DM_DichVu WHERE DICHVU_ID = 1340)
  INSERT INTO dbo.DM_DichVu (DICHVU_ID, NHOMDICHVU_ID, MADICHVU, TENDICHVU, TENKHONGDAU, DONVITINH, CAP, CAPTREN_ID, TAMNGUNG, BHYT, THOIGIANTHUCHIEN) VALUES (1340, 1023, N'0479', N'Vi khuẩn nuôi cấy và định danh phương pháp thông thường - (CẤY DỊCH PHẾ QUẢN) (Tâm trí)', NULL, N'Lần', 1, NULL, N'0', N'0', NULL);
IF NOT EXISTS (SELECT 1 FROM dbo.DM_DichVu WHERE DICHVU_ID = 1341)
  INSERT INTO dbo.DM_DichVu (DICHVU_ID, NHOMDICHVU_ID, MADICHVU, TENDICHVU, TENKHONGDAU, DONVITINH, CAP, CAPTREN_ID, TAMNGUNG, BHYT, THOIGIANTHUCHIEN) VALUES (1341, 1023, N'0480', N'Vi khuẩn nuôi cấy và định danh phương pháp thông thường - (CẤY DỊCH RỬA PHẾ QUẢN) (Tâm trí)', NULL, N'Lần', 1, NULL, N'0', N'0', NULL);
IF NOT EXISTS (SELECT 1 FROM dbo.DM_DichVu WHERE DICHVU_ID = 1342)
  INSERT INTO dbo.DM_DichVu (DICHVU_ID, NHOMDICHVU_ID, MADICHVU, TENDICHVU, TENKHONGDAU, DONVITINH, CAP, CAPTREN_ID, TAMNGUNG, BHYT, THOIGIANTHUCHIEN) VALUES (1342, 1023, N'0481', N'Vi khuẩn nuôi cấy và định danh phương pháp thông thường - (CẤY DỊCH) (Tâm trí)', NULL, N'Lần', 1, NULL, N'0', N'0', NULL);
IF NOT EXISTS (SELECT 1 FROM dbo.DM_DichVu WHERE DICHVU_ID = 1343)
  INSERT INTO dbo.DM_DichVu (DICHVU_ID, NHOMDICHVU_ID, MADICHVU, TENDICHVU, TENKHONGDAU, DONVITINH, CAP, CAPTREN_ID, TAMNGUNG, BHYT, THOIGIANTHUCHIEN) VALUES (1343, 1023, N'0482', N'Vi khuẩn nuôi cấy và định danh phương pháp thông thường - (CẤY MÁU) (Tâm trí)', NULL, N'Lần', 1, NULL, N'0', N'0', NULL);
IF NOT EXISTS (SELECT 1 FROM dbo.DM_DichVu WHERE DICHVU_ID = 1344)
  INSERT INTO dbo.DM_DichVu (DICHVU_ID, NHOMDICHVU_ID, MADICHVU, TENDICHVU, TENKHONGDAU, DONVITINH, CAP, CAPTREN_ID, TAMNGUNG, BHYT, THOIGIANTHUCHIEN) VALUES (1344, 1023, N'0483', N'Vi khuẩn nuôi cấy và định danh phương pháp thông thường - (CẤY MỦ HỌNG) (Tâm trí)', NULL, N'Lần', 1, NULL, N'0', N'0', NULL);
IF NOT EXISTS (SELECT 1 FROM dbo.DM_DichVu WHERE DICHVU_ID = 1345)
  INSERT INTO dbo.DM_DichVu (DICHVU_ID, NHOMDICHVU_ID, MADICHVU, TENDICHVU, TENKHONGDAU, DONVITINH, CAP, CAPTREN_ID, TAMNGUNG, BHYT, THOIGIANTHUCHIEN) VALUES (1345, 1023, N'0484', N'Vi khuẩn nuôi cấy và định danh phương pháp thông thường - (CẤY MỦ VẾT THƯƠNG) (Tâm trí)', NULL, N'Lần', 1, NULL, N'0', N'0', NULL);
IF NOT EXISTS (SELECT 1 FROM dbo.DM_DichVu WHERE DICHVU_ID = 1346)
  INSERT INTO dbo.DM_DichVu (DICHVU_ID, NHOMDICHVU_ID, MADICHVU, TENDICHVU, TENKHONGDAU, DONVITINH, CAP, CAPTREN_ID, TAMNGUNG, BHYT, THOIGIANTHUCHIEN) VALUES (1346, 1023, N'0485', N'Vi khuẩn nuôi cấy và định danh phương pháp thông thường - (CẤY MỦ) (Tâm trí)', NULL, N'Lần', 1, NULL, N'0', N'0', NULL);
IF NOT EXISTS (SELECT 1 FROM dbo.DM_DichVu WHERE DICHVU_ID = 1347)
  INSERT INTO dbo.DM_DichVu (DICHVU_ID, NHOMDICHVU_ID, MADICHVU, TENDICHVU, TENKHONGDAU, DONVITINH, CAP, CAPTREN_ID, TAMNGUNG, BHYT, THOIGIANTHUCHIEN) VALUES (1347, 1023, N'0486', N'Vi khuẩn nuôi cấy và định danh phương pháp thông thường - (CẤY NƯỚC TIỂU) (Tâm trí)', NULL, N'Lần', 1, NULL, N'0', N'0', NULL);
IF NOT EXISTS (SELECT 1 FROM dbo.DM_DichVu WHERE DICHVU_ID = 1348)
  INSERT INTO dbo.DM_DichVu (DICHVU_ID, NHOMDICHVU_ID, MADICHVU, TENDICHVU, TENKHONGDAU, DONVITINH, CAP, CAPTREN_ID, TAMNGUNG, BHYT, THOIGIANTHUCHIEN) VALUES (1348, 1023, N'0487', N'Vi khuẩn nuôi cấy và định danh phương pháp thông thường - (CẤY PHÂN) (Tâm trí)', NULL, N'Lần', 1, NULL, N'0', N'0', NULL);
IF NOT EXISTS (SELECT 1 FROM dbo.DM_DichVu WHERE DICHVU_ID = 1349)
  INSERT INTO dbo.DM_DichVu (DICHVU_ID, NHOMDICHVU_ID, MADICHVU, TENDICHVU, TENKHONGDAU, DONVITINH, CAP, CAPTREN_ID, TAMNGUNG, BHYT, THOIGIANTHUCHIEN) VALUES (1349, 1023, N'0488', N'Vi khuẩn nuôi cấy và định danh phương pháp thông thường - (CẤY TÌM NẤM) (Tâm trí)', NULL, N'Lần', 1, NULL, N'0', N'0', NULL);
IF NOT EXISTS (SELECT 1 FROM dbo.DM_DichVu WHERE DICHVU_ID = 1350)
  INSERT INTO dbo.DM_DichVu (DICHVU_ID, NHOMDICHVU_ID, MADICHVU, TENDICHVU, TENKHONGDAU, DONVITINH, CAP, CAPTREN_ID, TAMNGUNG, BHYT, THOIGIANTHUCHIEN) VALUES (1350, 1023, N'0489', N'Vi khuẩn nuôi cấy và định danh phương pháp thông thường - (Vi trùng-soi cấy) (Tâm trí)', NULL, N'Lần', 1, NULL, N'0', N'0', NULL);
IF NOT EXISTS (SELECT 1 FROM dbo.DM_DichVu WHERE DICHVU_ID = 1351)
  INSERT INTO dbo.DM_DichVu (DICHVU_ID, NHOMDICHVU_ID, MADICHVU, TENDICHVU, TENKHONGDAU, DONVITINH, CAP, CAPTREN_ID, TAMNGUNG, BHYT, THOIGIANTHUCHIEN) VALUES (1351, 1023, N'0490', N'Xét nghiệm tìm BK (Tâm trí)', NULL, N'Lần', 1, NULL, N'0', N'0', NULL);
IF NOT EXISTS (SELECT 1 FROM dbo.DM_DichVu WHERE DICHVU_ID = 1352)
  INSERT INTO dbo.DM_DichVu (DICHVU_ID, NHOMDICHVU_ID, MADICHVU, TENDICHVU, TENKHONGDAU, DONVITINH, CAP, CAPTREN_ID, TAMNGUNG, BHYT, THOIGIANTHUCHIEN) VALUES (1352, 1023, N'0491', N'Xét nghiệm tinh dịch đồ (Tâm trí)', NULL, N'Lần', 1, NULL, N'0', N'0', NULL);
IF NOT EXISTS (SELECT 1 FROM dbo.DM_DichVu WHERE DICHVU_ID = 1353)
  INSERT INTO dbo.DM_DichVu (DICHVU_ID, NHOMDICHVU_ID, MADICHVU, TENDICHVU, TENKHONGDAU, DONVITINH, CAP, CAPTREN_ID, TAMNGUNG, BHYT, THOIGIANTHUCHIEN) VALUES (1353, 1023, N'0492', N'Nhuộm phiến đồ tế bào theo Papanicolaou (Tâm trí)', NULL, N'Lần', 1, NULL, N'0', N'0', NULL);
IF NOT EXISTS (SELECT 1 FROM dbo.DM_DichVu WHERE DICHVU_ID = 1354)
  INSERT INTO dbo.DM_DichVu (DICHVU_ID, NHOMDICHVU_ID, MADICHVU, TENDICHVU, TENKHONGDAU, DONVITINH, CAP, CAPTREN_ID, TAMNGUNG, BHYT, THOIGIANTHUCHIEN) VALUES (1354, 1023, N'0493', N'Thinprep pap test (Tâm trí)', NULL, N'Lần', 1, NULL, N'0', N'0', NULL);
IF NOT EXISTS (SELECT 1 FROM dbo.DM_DichVu WHERE DICHVU_ID = 1355)
  INSERT INTO dbo.DM_DichVu (DICHVU_ID, NHOMDICHVU_ID, MADICHVU, TENDICHVU, TENKHONGDAU, DONVITINH, CAP, CAPTREN_ID, TAMNGUNG, BHYT, THOIGIANTHUCHIEN) VALUES (1355, 17, N'0494', N'Nội soi đại trực tràng toàn bộ ống mềm không sinh thiết (Tâm trí)', NULL, N'Lần', 1, NULL, N'0', N'0', NULL);
IF NOT EXISTS (SELECT 1 FROM dbo.DM_DichVu WHERE DICHVU_ID = 1356)
  INSERT INTO dbo.DM_DichVu (DICHVU_ID, NHOMDICHVU_ID, MADICHVU, TENDICHVU, TENKHONGDAU, DONVITINH, CAP, CAPTREN_ID, TAMNGUNG, BHYT, THOIGIANTHUCHIEN) VALUES (1356, 14, N'0495', N'Chụp CT Scanner 64 dãy đến 128 dãy sọ + xoang không thuốc CQ (Tâm trí)', NULL, N'Lần', 1, NULL, N'0', N'0', NULL);
IF NOT EXISTS (SELECT 1 FROM dbo.DM_DichVu WHERE DICHVU_ID = 1357)
  INSERT INTO dbo.DM_DichVu (DICHVU_ID, NHOMDICHVU_ID, MADICHVU, TENDICHVU, TENKHONGDAU, DONVITINH, CAP, CAPTREN_ID, TAMNGUNG, BHYT, THOIGIANTHUCHIEN) VALUES (1357, 14, N'0496', N'Chụp CLVT sọ não không tiêm thuốc cản quang (64-128 dãy) (Tâm trí)', NULL, N'Lần', 1, NULL, N'0', N'0', NULL);
IF NOT EXISTS (SELECT 1 FROM dbo.DM_DichVu WHERE DICHVU_ID = 1358)
  INSERT INTO dbo.DM_DichVu (DICHVU_ID, NHOMDICHVU_ID, MADICHVU, TENDICHVU, TENKHONGDAU, DONVITINH, CAP, CAPTREN_ID, TAMNGUNG, BHYT, THOIGIANTHUCHIEN) VALUES (1358, 14, N'0497', N'Chụp cắt lớp vi tính lồng ngực không tiêm thuốc cản quang (64- 128 dãy) (Tâm trí)', NULL, N'Lần', 1, NULL, N'0', N'0', NULL);
IF NOT EXISTS (SELECT 1 FROM dbo.DM_DichVu WHERE DICHVU_ID = 1359)
  INSERT INTO dbo.DM_DichVu (DICHVU_ID, NHOMDICHVU_ID, MADICHVU, TENDICHVU, TENKHONGDAU, DONVITINH, CAP, CAPTREN_ID, TAMNGUNG, BHYT, THOIGIANTHUCHIEN) VALUES (1359, 14, N'0498', N'Chụp cắt lớp vi tính bụng-tiểu khung thường quy (64-128 dãy) (Tâm trí)', NULL, N'Lần', 1, NULL, N'0', N'0', NULL);
IF NOT EXISTS (SELECT 1 FROM dbo.DM_DichVu WHERE DICHVU_ID = 1360)
  INSERT INTO dbo.DM_DichVu (DICHVU_ID, NHOMDICHVU_ID, MADICHVU, TENDICHVU, TENKHONGDAU, DONVITINH, CAP, CAPTREN_ID, TAMNGUNG, BHYT, THOIGIANTHUCHIEN) VALUES (1360, 14, N'0499', N'Chụp cắt lớp vi tính cột sống cổ không tiêm thuốc cản quang (64- 128 dãy) (Tâm trí)', NULL, N'Lần', 1, NULL, N'0', N'0', NULL);
IF NOT EXISTS (SELECT 1 FROM dbo.DM_DichVu WHERE DICHVU_ID = 1361)
  INSERT INTO dbo.DM_DichVu (DICHVU_ID, NHOMDICHVU_ID, MADICHVU, TENDICHVU, TENKHONGDAU, DONVITINH, CAP, CAPTREN_ID, TAMNGUNG, BHYT, THOIGIANTHUCHIEN) VALUES (1361, 14, N'0500', N'Chụp cắt lớp vi tính cột sống ngực không tiêm thuốc cản quang (64- 128 dãy) (Tâm trí)', NULL, N'Lần', 1, NULL, N'0', N'0', NULL);
IF NOT EXISTS (SELECT 1 FROM dbo.DM_DichVu WHERE DICHVU_ID = 1362)
  INSERT INTO dbo.DM_DichVu (DICHVU_ID, NHOMDICHVU_ID, MADICHVU, TENDICHVU, TENKHONGDAU, DONVITINH, CAP, CAPTREN_ID, TAMNGUNG, BHYT, THOIGIANTHUCHIEN) VALUES (1362, 14, N'0501', N'Chụp cắt lớp vi tính cột sống thắt lưng không tiêm thuốc cản quang (64- 128 dãy) (Tâm trí)', NULL, N'Lần', 1, NULL, N'0', N'0', NULL);
IF NOT EXISTS (SELECT 1 FROM dbo.DM_DichVu WHERE DICHVU_ID = 1363)
  INSERT INTO dbo.DM_DichVu (DICHVU_ID, NHOMDICHVU_ID, MADICHVU, TENDICHVU, TENKHONGDAU, DONVITINH, CAP, CAPTREN_ID, TAMNGUNG, BHYT, THOIGIANTHUCHIEN) VALUES (1363, 6, N'0502', N'Phòng 2 giưởng điều hòa, TV, hệ thống vệ sinh riêng có máy nước nóng, có tủ lạnh (Dịch vụ)', NULL, N'Lần', 1, NULL, N'0', N'1', NULL);
IF NOT EXISTS (SELECT 1 FROM dbo.DM_DichVu WHERE DICHVU_ID = 1364)
  INSERT INTO dbo.DM_DichVu (DICHVU_ID, NHOMDICHVU_ID, MADICHVU, TENDICHVU, TENKHONGDAU, DONVITINH, CAP, CAPTREN_ID, TAMNGUNG, BHYT, THOIGIANTHUCHIEN) VALUES (1364, 6, N'0503', N'Phòng 2 giưởng điều hòa, TV, hệ thống vệ sinh riêng có máy nước nóng (Dịch vụ)', NULL, N'Lần', 1, NULL, N'0', N'1', NULL);
IF NOT EXISTS (SELECT 1 FROM dbo.DM_DichVu WHERE DICHVU_ID = 1365)
  INSERT INTO dbo.DM_DichVu (DICHVU_ID, NHOMDICHVU_ID, MADICHVU, TENDICHVU, TENKHONGDAU, DONVITINH, CAP, CAPTREN_ID, TAMNGUNG, BHYT, THOIGIANTHUCHIEN) VALUES (1365, 6, N'0504', N'Phòng 4 giưởng điều hòa, TV, hệ thống vệ sinh riêng có máy nước nóng (Dịch vụ)', NULL, N'Lần', 1, NULL, N'0', N'0', NULL);
IF NOT EXISTS (SELECT 1 FROM dbo.DM_DichVu WHERE DICHVU_ID = 1366)
  INSERT INTO dbo.DM_DichVu (DICHVU_ID, NHOMDICHVU_ID, MADICHVU, TENDICHVU, TENKHONGDAU, DONVITINH, CAP, CAPTREN_ID, TAMNGUNG, BHYT, THOIGIANTHUCHIEN) VALUES (1366, 5, N'0505', N'Khám bệnh theo yêu cầu (Dịch vụ)', NULL, N'Lần', 1, NULL, N'0', N'0', NULL);
IF NOT EXISTS (SELECT 1 FROM dbo.DM_DichVu WHERE DICHVU_ID = 1367)
  INSERT INTO dbo.DM_DichVu (DICHVU_ID, NHOMDICHVU_ID, MADICHVU, TENDICHVU, TENKHONGDAU, DONVITINH, CAP, CAPTREN_ID, TAMNGUNG, BHYT, THOIGIANTHUCHIEN) VALUES (1367, 5, N'0506', N'Khám bệnh theo ngoài giờ (Dịch vụ)', NULL, N'Lần', 1, NULL, N'0', N'0', NULL);
IF NOT EXISTS (SELECT 1 FROM dbo.DM_DichVu WHERE DICHVU_ID = 1368)
  INSERT INTO dbo.DM_DichVu (DICHVU_ID, NHOMDICHVU_ID, MADICHVU, TENDICHVU, TENKHONGDAU, DONVITINH, CAP, CAPTREN_ID, TAMNGUNG, BHYT, THOIGIANTHUCHIEN) VALUES (1368, 5, N'0507', N'Khám bệnh tại nhà (Dịch vụ)', NULL, N'Lần', 1, NULL, N'0', N'0', NULL);
IF NOT EXISTS (SELECT 1 FROM dbo.DM_DichVu WHERE DICHVU_ID = 1369)
  INSERT INTO dbo.DM_DichVu (DICHVU_ID, NHOMDICHVU_ID, MADICHVU, TENDICHVU, TENKHONGDAU, DONVITINH, CAP, CAPTREN_ID, TAMNGUNG, BHYT, THOIGIANTHUCHIEN) VALUES (1369, 4, N'0508', N'Điện châm (Dịch vụ)', NULL, N'Lần', 1, NULL, N'0', N'0', NULL);
IF NOT EXISTS (SELECT 1 FROM dbo.DM_DichVu WHERE DICHVU_ID = 1370)
  INSERT INTO dbo.DM_DichVu (DICHVU_ID, NHOMDICHVU_ID, MADICHVU, TENDICHVU, TENKHONGDAU, DONVITINH, CAP, CAPTREN_ID, TAMNGUNG, BHYT, THOIGIANTHUCHIEN) VALUES (1370, 4, N'0509', N'Đèn hồng ngoại (Dịch vụ)', NULL, N'Lần', 1, NULL, N'0', N'0', NULL);
IF NOT EXISTS (SELECT 1 FROM dbo.DM_DichVu WHERE DICHVU_ID = 1371)
  INSERT INTO dbo.DM_DichVu (DICHVU_ID, NHOMDICHVU_ID, MADICHVU, TENDICHVU, TENKHONGDAU, DONVITINH, CAP, CAPTREN_ID, TAMNGUNG, BHYT, THOIGIANTHUCHIEN) VALUES (1371, 4, N'0510', N'Xoa bóp bấm huyệt (Dịch vụ)', NULL, N'Lần', 1, NULL, N'0', N'0', NULL);
IF NOT EXISTS (SELECT 1 FROM dbo.DM_DichVu WHERE DICHVU_ID = 1372)
  INSERT INTO dbo.DM_DichVu (DICHVU_ID, NHOMDICHVU_ID, MADICHVU, TENDICHVU, TENKHONGDAU, DONVITINH, CAP, CAPTREN_ID, TAMNGUNG, BHYT, THOIGIANTHUCHIEN) VALUES (1372, 4, N'0511', N'Chườm ngãi/chườm thuốc YHCT (Dịch vụ)', NULL, N'Lần', 1, NULL, N'0', N'0', NULL);
IF NOT EXISTS (SELECT 1 FROM dbo.DM_DichVu WHERE DICHVU_ID = 1373)
  INSERT INTO dbo.DM_DichVu (DICHVU_ID, NHOMDICHVU_ID, MADICHVU, TENDICHVU, TENKHONGDAU, DONVITINH, CAP, CAPTREN_ID, TAMNGUNG, BHYT, THOIGIANTHUCHIEN) VALUES (1373, 4, N'0512', N'Xoa bóp bấm huyệt và chườm thuốc YHCT (30phút) (Dịch vụ)', NULL, N'Lần', 1, NULL, N'0', N'0', NULL);
IF NOT EXISTS (SELECT 1 FROM dbo.DM_DichVu WHERE DICHVU_ID = 1374)
  INSERT INTO dbo.DM_DichVu (DICHVU_ID, NHOMDICHVU_ID, MADICHVU, TENDICHVU, TENKHONGDAU, DONVITINH, CAP, CAPTREN_ID, TAMNGUNG, BHYT, THOIGIANTHUCHIEN) VALUES (1374, 4, N'0513', N'Xoa bóp bấm huyệt và chườm thuốc YHCT (50phút) (Dịch vụ)', NULL, N'Lần', 1, NULL, N'0', N'0', NULL);
IF NOT EXISTS (SELECT 1 FROM dbo.DM_DichVu WHERE DICHVU_ID = 1375)
  INSERT INTO dbo.DM_DichVu (DICHVU_ID, NHOMDICHVU_ID, MADICHVU, TENDICHVU, TENKHONGDAU, DONVITINH, CAP, CAPTREN_ID, TAMNGUNG, BHYT, THOIGIANTHUCHIEN) VALUES (1375, 4, N'0514', N'Ngâm chân và xoa bóp bấm huyệt bàn chân (Dịch vụ)', NULL, N'Lần', 1, NULL, N'0', N'0', NULL);
IF NOT EXISTS (SELECT 1 FROM dbo.DM_DichVu WHERE DICHVU_ID = 1376)
  INSERT INTO dbo.DM_DichVu (DICHVU_ID, NHOMDICHVU_ID, MADICHVU, TENDICHVU, TENKHONGDAU, DONVITINH, CAP, CAPTREN_ID, TAMNGUNG, BHYT, THOIGIANTHUCHIEN) VALUES (1376, 4, N'0515', N'Ngâm chân (thuốc thảo dược) (Dịch vụ)', NULL, N'Lần', 1, NULL, N'0', N'0', NULL);
IF NOT EXISTS (SELECT 1 FROM dbo.DM_DichVu WHERE DICHVU_ID = 1377)
  INSERT INTO dbo.DM_DichVu (DICHVU_ID, NHOMDICHVU_ID, MADICHVU, TENDICHVU, TENKHONGDAU, DONVITINH, CAP, CAPTREN_ID, TAMNGUNG, BHYT, THOIGIANTHUCHIEN) VALUES (1377, 4, N'0516', N'Xoa bóp bấm huyệt bàn chân (Dịch vụ)', NULL, N'Lần', 1, NULL, N'0', N'0', NULL);
IF NOT EXISTS (SELECT 1 FROM dbo.DM_DichVu WHERE DICHVU_ID = 1378)
  INSERT INTO dbo.DM_DichVu (DICHVU_ID, NHOMDICHVU_ID, MADICHVU, TENDICHVU, TENKHONGDAU, DONVITINH, CAP, CAPTREN_ID, TAMNGUNG, BHYT, THOIGIANTHUCHIEN) VALUES (1378, 4, N'0517', N'Đốt cứu (Dịch vụ)', NULL, N'Lần', 1, NULL, N'0', N'0', NULL);
IF NOT EXISTS (SELECT 1 FROM dbo.DM_DichVu WHERE DICHVU_ID = 1379)
  INSERT INTO dbo.DM_DichVu (DICHVU_ID, NHOMDICHVU_ID, MADICHVU, TENDICHVU, TENKHONGDAU, DONVITINH, CAP, CAPTREN_ID, TAMNGUNG, BHYT, THOIGIANTHUCHIEN) VALUES (1379, 4, N'0518', N'Giác hơi (Dịch vụ)', NULL, N'Lần', 1, NULL, N'0', N'0', NULL);

PRINT 'OK: 26_seed_dichvu_catalog.sql';
GO
